,VendorID,T,E
94,0,374091,132
95,0,375121,126
96,0,376286,65
97,0,376948,133
98,0,378979,84
99,0,382838,282
100,0,385337,63
101,0,393526,89
102,0,394309,274
103,0,400423,191
104,0,405218,249
105,0,407464,191
106,0,408147,131
107,0,411409,191
108,0,412637,84
109,0,415387,20
110,0,416361,86
111,0,416795,285
112,0,425002,87
113,0,427031,66
114,0,428464,225
115,0,431086,285
116,0,431784,131
235,1,836480,108
236,1,837953,106
237,1,838294,108
238,1,840183,69
239,1,841771,87
240,1,844295,62
241,1,853098,106
242,1,858720,131
243,1,864851,285
244,1,869365,107
245,1,878054,131
246,1,887142,87
247,1,891636,103
248,1,893662,68
249,1,894282,105
250,1,895279,105
251,1,896424,141
252,1,905622,131
253,1,907605,84
254,1,910294,86
255,1,915889,249
256,1,918009,106
257,1,919126,126
258,1,922943,127
259,1,930636,63
260,1,930825,65
261,1,933509,105
262,1,935934,69
263,1,941290,108
264,1,947266,279
286,2,1027112,69
287,2,1028676,131
288,2,1029080,104
289,2,1032345,66
290,2,1036562,62
415,3,1440951,49
416,3,1442182,63
417,3,1442788,59
418,3,1444301,107
419,3,1448141,131
420,3,1448804,15
421,3,1449159,59
422,3,1451599,104
423,3,1457265,68
424,3,1468708,59
425,3,1474612,68
426,3,1484015,63
427,3,1499060,142
428,3,1499575,96
429,3,1502569,282
430,3,1512227,34
431,3,1513030,69
432,3,1517477,104
433,3,1523631,21
434,3,1523974,127
435,3,1527572,68
436,3,1532726,84
437,3,1533698,88
438,3,1535943,69
439,3,1537666,279
440,3,1539150,97
441,3,1540847,69
442,3,1543162,68
443,3,1546432,106
444,3,1547195,132
445,3,1547712,95
483,4,1711772,191
484,4,1713436,88
485,4,1713619,131
486,4,1718109,87
487,4,1718641,87
488,4,1720112,133
489,4,1720719,63
490,4,1732369,107
491,4,1733799,131
538,5,1897248,133
539,5,1897286,55
540,5,1897314,66
541,5,1897376,132
542,5,1898896,141
543,5,1899066,97
544,5,1899374,54
545,5,1901853,64
546,5,1906731,66
547,5,1907113,97
548,5,1909512,97
569,8,2148708,108
570,8,2152623,127
571,8,2152664,69
572,8,2154485,69
587,9,2225074,107
588,9,2225903,107
589,9,2228591,249
699,10,2579330,57
700,10,2580523,107
701,10,2583624,87
702,10,2583769,65
703,10,2583809,69
704,10,2585689,108
705,10,2590846,127
706,10,2592684,108
707,10,2594605,87
708,10,2594654,97
709,10,2597018,97
710,10,2597544,98
711,10,2598490,132
712,10,2598949,97
713,10,2599267,108
714,10,2599624,134
715,10,2602594,127
716,10,2604236,145
717,10,2611094,62
718,10,2611820,97
719,10,2625860,105
720,10,2626509,136
721,10,2626945,19
722,10,2628344,127
723,10,2645713,69
724,10,2650970,108
725,10,2665536,49
754,11,2757111,59
755,11,2757944,104
756,11,2778844,59
757,11,2787587,249
758,11,2792741,87
759,11,2792933,127
760,11,2793079,107
825,12,3067121,107
826,12,3076661,107
827,12,3085361,141
828,12,3088693,249
829,12,3089426,107
830,12,3090630,49
831,12,3091124,63
832,12,3095328,63
833,12,3097012,88
834,12,3097632,285
835,12,3098530,62
836,12,3099817,131
837,12,3107177,98
838,12,3118356,175
839,12,3122548,134
840,12,3123859,97
932,13,3436561,63
933,13,3448017,285
934,13,3455476,97
935,13,3462760,132
936,13,3484102,62
937,13,3486822,131
938,13,3488004,249
939,13,3488650,108
940,13,3490238,104
941,13,3498893,279
942,13,3501232,270
943,13,3502809,147
944,13,3504748,97
945,13,3506600,283
946,13,3509340,133
947,13,3512593,105
948,13,3517187,108
949,13,3519761,30
950,13,3520124,191
951,13,3520774,249
952,13,3523370,87
953,13,3525995,191
954,13,3532467,133
1056,14,3851507,107
1057,14,3852102,134
1058,14,3855349,107
1059,14,3855612,134
1060,14,3861737,56
1061,14,3863790,134
1062,14,3865536,132
1063,14,3866032,197
1064,14,3869164,97
1065,14,3884790,55
1066,14,3886190,16
1067,14,3890018,69
1068,14,3890225,107
1069,14,3894553,19
1070,14,3909120,97
1071,14,3914999,134
1072,14,3925775,105
1073,14,3927203,84
1074,14,3930228,107
1075,14,3930272,108
1076,14,3935359,97
1077,14,3936528,87
1078,14,3941617,106
1079,14,3943413,97
1080,14,3949609,279
1140,15,4202528,49
1141,15,4206881,69
1142,15,4206952,64
1143,15,4208619,249
1144,15,4208959,107
1145,15,4210515,30
1146,15,4213684,69
1147,15,4215924,64
1148,15,4217672,108
1149,15,4221636,141
1150,15,4223352,87
1151,15,4224191,43
1152,15,4229064,108
1153,15,4229198,283
1154,15,4230104,54
1265,16,4550713,108
1266,16,4553612,285
1267,16,4556504,103
1268,16,4556624,107
1269,16,4558325,18
1270,16,4562218,249
1271,16,4562689,64
1272,16,4564446,88
1273,16,4564539,285
1274,16,4568435,84
1275,16,4572630,134
1276,16,4575492,106
1277,16,4588576,134
1278,16,4608751,105
1279,16,4622074,188
1280,16,4623678,98
1281,16,4626322,249
1282,16,4626559,279
1283,16,4635085,188
1284,16,4636117,49
1285,16,4643840,108
1286,16,4644073,61
1287,16,4645228,134
1288,16,4647484,107
1289,16,4650236,97
1290,16,4657188,64
1291,16,4664036,84
1292,16,4665214,21
1384,17,4958959,64
1385,17,4959122,188
1386,17,4965010,108
1387,17,4967219,112
1388,17,4968910,84
1389,17,4971490,62
1390,17,4972414,6
1391,17,4976365,107
1392,17,4979850,103
1393,17,4979925,134
1394,17,4981313,142
1395,17,4981542,131
1396,17,4988075,87
1397,17,4997235,63
1398,17,4997305,84
1399,17,5000821,64
1400,17,5003894,197
1401,17,5004013,93
1402,17,5005558,69
1403,17,5010134,30
1404,17,5011180,97
1405,17,5017831,132
1406,17,5019947,107
1421,18,5082528,20
1422,18,5094047,103
1423,18,5094487,98
1462,19,5251098,70
1463,19,5251396,132
1464,19,5255380,69
1465,19,5255829,87
1466,19,5256209,97
1467,19,5257418,97
1468,19,5257649,97
1469,19,5260832,67
1470,19,5266481,97
1488,20,5343284,69
1489,20,5349571,59
1490,20,5353344,175
1491,20,5356463,97
1627,21,5816575,86
1628,21,5819007,279
1629,21,5822208,108
1630,21,5823652,281
1631,21,5824191,63
1632,21,5826673,21
1633,21,5828015,127
1634,21,5830314,279
1635,21,5834772,87
1636,21,5835748,137
1637,21,5849008,249
1638,21,5850771,64
1639,21,5852659,98
1640,21,5858193,107
1641,21,5858734,65
1642,21,5865177,107
1643,21,5870545,106
1644,21,5874529,105
1645,21,5895914,127
1646,21,5904345,66
1647,21,5909620,6
1648,21,5909729,87
1649,21,5917747,131
1650,21,5923712,191
1651,21,5928994,64
1652,21,5929010,105
1653,21,5938469,108
1654,21,5938682,69
1655,21,5940922,105
1656,21,5945522,108
1657,21,5945629,127
1658,21,5950055,285
1659,21,5955377,55
1660,21,5957493,107
1751,22,6309817,270
1752,22,6310654,127
1753,22,6321553,108
1754,22,6335193,49
1755,22,6338274,131
1756,22,6342428,98
1757,22,6344962,133
1758,22,6346929,69
1759,22,6347696,142
1760,22,6354237,249
1761,22,6355261,107
1762,22,6358099,70
1763,22,6361054,279
1764,22,6361189,49
1765,22,6369677,132
1766,22,6370469,127
1767,22,6375033,147
1768,22,6375271,147
1769,22,6378350,133
1770,22,6381471,70
1771,22,6382491,63
1772,22,6388939,131
1898,23,6813019,134
1899,23,6813550,59
1900,23,6819026,70
1901,23,6819041,87
1902,23,6819245,70
1903,23,6820330,87
1904,23,6820816,127
1905,23,6821990,131
1906,23,6823448,69
1907,23,6823570,107
1908,23,6825747,96
1909,23,6833563,62
1910,23,6833699,97
1911,23,6839850,49
1912,23,6847513,63
1913,23,6855923,107
1914,23,6865894,131
1915,23,6867981,191
1916,23,6872708,93
1917,23,6873326,16
1918,23,6873343,108
1919,23,6880238,103
1920,23,6881610,108
1921,23,6885532,97
1922,23,6888467,197
1923,23,6897501,68
1924,23,6900638,107
1925,23,6905751,107
1926,23,6913466,271
1927,23,6914441,188
1928,23,6922011,103
2225,24,8006356,107
2226,24,8009293,64
2227,24,8010293,249
2228,24,8011495,69
2229,24,8013308,107
2230,24,8013940,6
2231,24,8014626,132
2232,24,8016143,70
2233,24,8016369,270
2234,24,8017570,89
2235,24,8017817,97
2236,24,8018451,97
2237,24,8019500,107
2238,24,8020437,107
2239,24,8022298,106
2240,24,8025406,274
2241,24,8025562,97
2242,24,8028714,103
2243,24,8030278,59
2244,24,8031626,49
2245,24,8032942,87
2246,24,8033041,108
2247,24,8038870,191
2248,24,8039068,132
2249,24,8039972,87
2250,24,8040759,56
2251,24,8040962,131
2252,24,8043030,97
2253,24,8043895,97
2254,24,8044711,107
2255,24,8045268,97
2256,24,8049443,97
2257,24,8054800,133
2258,24,8058087,131
2259,24,8059291,21
2260,24,8063528,126
2261,24,8066440,63
2262,24,8074761,285
2263,24,8074886,97
2264,24,8074894,126
2265,24,8076025,49
2266,24,8078520,127
2267,24,8082053,107
2268,24,8086765,107
2269,24,8087040,69
2270,24,8087626,274
2271,24,8087660,134
2272,24,8088338,17
2273,24,8089946,107
2274,24,8099100,97
2275,24,8101192,97
2276,24,8108513,107
2277,24,8112196,97
2278,24,8112850,175
2279,24,8116419,54
2280,24,8118279,87
2281,24,8121161,107
2282,24,8126591,96
2283,24,8136211,134
2284,24,8138461,191
2285,24,8153323,69
2286,24,8155578,65
2287,24,8170944,69
2288,24,8172269,43
2289,24,8174372,106
2290,24,8174595,270
2291,24,8175219,84
2292,24,8176391,105
2293,24,8181020,147
2294,24,8193844,87
2295,24,8197220,188
2296,24,8199330,132
2297,24,8201375,134
2298,24,8201841,279
2316,25,8285853,285
2317,25,8286696,96
2318,25,8296089,97
2319,25,8297845,98
2433,26,8652893,98
2434,26,8653894,63
2435,26,8659477,97
2436,26,8674635,105
2437,26,8676579,175
2438,26,8677726,284
2439,26,8681247,55
2440,26,8682356,105
2441,26,8682499,283
2442,26,8686407,18
2443,26,8687175,197
2444,26,8687194,86
2445,26,8695155,127
2446,26,8696081,87
2447,26,8698346,67
2448,26,8699661,23
2449,26,8705102,188
2450,26,8709221,63
2451,26,8709706,137
2452,26,8709999,270
2453,26,8713451,59
2454,26,8716209,19
2455,26,8716264,63
2456,26,8716936,69
2457,26,8720907,70
2458,26,8722497,86
2459,26,8726228,59
2460,26,8729064,132
2505,27,8942882,141
2506,27,8946325,64
2507,27,8956926,141
2508,27,8959989,136
2509,27,8960057,63
2510,27,8968982,285
2511,27,8978298,285
2512,27,8978404,18
2513,27,8983646,97
2514,27,8990449,19
2515,27,8991749,122
2601,28,9263434,97
2602,28,9265961,63
2603,28,9267644,97
2604,28,9277059,55
2605,28,9282933,63
2606,28,9284335,283
2607,28,9285545,108
2608,28,9287639,86
2609,28,9291165,107
2610,28,9298799,13
2611,28,9303630,87
2612,28,9305231,49
2613,28,9305237,107
2614,28,9310734,131
2615,28,9310844,127
2616,28,9312456,126
2617,28,9314042,191
2618,28,9324634,107
2619,28,9325654,133
2620,28,9326602,69
2621,28,9326875,104
2717,29,9769116,97
2718,29,9769876,70
2719,29,9776143,97
2720,29,9776813,127
2721,29,9792144,274
2722,29,9792492,134
2723,29,9798186,105
2724,29,9800030,70
2725,29,9803929,87
2726,29,9804547,274
2727,29,9811638,175
2728,29,9812983,89
2729,29,9817224,279
2730,29,9828113,131
2731,29,9831449,34
2732,29,9835565,105
2733,29,9836588,285
2734,29,9837913,49
2735,29,9839368,281
2736,29,9841180,127
2737,29,9849806,107
2738,29,9853778,62
2739,29,9854257,107
2740,29,9857625,249
2824,30,10225057,131
2825,30,10229631,188
2826,30,10230450,147
2827,30,10230982,107
2828,30,10234705,49
2829,30,10239247,64
2830,30,10240455,107
2831,30,10240721,107
2832,30,10241921,138
2833,30,10242112,98
2834,30,10243759,63
2835,30,10247709,107
2836,30,10251412,270
2837,30,10253054,107
2838,30,10255012,108
2839,30,10261573,94
2840,30,10263298,64
2841,30,10274034,97
2842,30,10278247,49
2843,30,10282646,97
2844,30,10285692,127
2904,31,10504816,59
2905,31,10506934,283
2906,31,10508602,127
2907,31,10508816,108
2908,31,10511264,66
2909,31,10515358,70
2910,31,10516373,107
2911,31,10516591,84
2912,31,10517479,270
2913,31,10520932,175
2914,31,10522860,133
2915,31,10526123,127
2916,31,10527391,107
2917,31,10528867,19
2918,31,10530309,186
2934,32,10614825,70
2935,32,10623842,97
2936,32,10626085,20
2937,32,10628171,66
3331,33,12072652,64
3332,33,12072744,65
3333,33,12073612,127
3334,33,12075963,104
3335,33,12080611,108
3336,33,12082527,89
3337,33,12086111,131
3338,33,12095396,58
3339,33,12096197,84
3340,33,12103824,97
3341,33,12111740,143
3342,33,12124075,105
3343,33,12125059,97
3344,33,12128304,86
3345,33,12129220,106
3346,33,12132345,70
3347,33,12138592,126
3348,33,12148206,43
3349,33,12149235,108
3350,33,12155753,191
3351,33,12159157,87
3352,33,12160065,58
3353,33,12160725,133
3354,33,12161520,18
3355,33,12162364,279
3356,33,12165098,59
3357,33,12167400,132
3358,33,12168854,188
3359,33,12170550,43
3360,33,12171137,279
3361,33,12172325,87
3362,33,12173144,59
3363,33,12174981,96
3364,33,12175812,131
3365,33,12178136,87
3366,33,12179355,97
3367,33,12180571,68
3368,33,12183860,133
3369,33,12187439,97
3370,33,12188889,59
3371,33,12189112,103
3372,33,12191550,62
3373,33,12192347,132
3374,33,12196061,97
3375,33,12204229,63
3376,33,12207157,274
3377,33,12213832,86
3378,33,12217463,134
3379,33,12218327,105
3380,33,12221749,68
3381,33,12222771,87
3382,33,12225925,108
3383,33,12229623,108
3384,33,12229990,197
3385,33,12231320,107
3386,33,12235358,283
3387,33,12236866,107
3388,33,12237156,270
3389,33,12237951,69
3390,33,12240571,88
3391,33,12241458,107
3392,33,12245544,87
3393,33,12246036,274
3394,33,12250362,107
3395,33,12250489,143
3396,33,12251489,97
3397,33,12255593,127
3398,33,12261499,87
3399,33,12262406,134
3400,33,12262854,68
3401,33,12265471,61
3402,33,12266089,140
3403,33,12267390,84
3404,33,12268517,281
3405,33,12277539,108
3406,33,12277886,188
3407,33,12278255,127
3408,33,12279186,66
3409,33,12281409,132
3410,33,12285798,191
3411,33,12285986,63
3412,33,12288695,134
3413,33,12295839,141
3414,33,12312657,70
3415,33,12313193,69
3416,33,12315369,105
3417,33,12320389,188
3418,33,12323924,103
3419,33,12327625,137
3420,33,12328004,197
3421,33,12334669,108
3422,33,12335057,107
3423,33,12336489,108
3424,33,12340952,133
3425,33,12341149,84
3426,33,12344910,49
3427,33,12346819,131
3428,33,12348854,87
3455,34,12496636,224
3456,34,12497322,70
3457,34,12507018,64
3458,34,12507692,127
3459,34,12509229,97
3460,34,12512121,84
3461,34,12519998,270
3510,35,12763676,103
3511,35,12768980,107
3512,35,12769493,64
3513,35,12771685,87
3514,35,12772153,105
3515,35,12775151,131
3516,35,12776512,127
3517,35,12779774,64
3518,35,12781703,140
3519,35,12781987,62
3520,35,12785370,133
3521,35,12790679,69
3586,36,12988487,132
3587,36,12999308,137
3588,36,13006862,70
3589,36,13011576,107
3590,36,13015950,127
3591,36,13016443,58
3592,36,13016550,103
3593,36,13016688,197
3594,36,13018879,134
3595,36,13029313,87
3596,36,13034117,107
3597,36,13034715,69
3598,36,13036037,133
3599,36,13036507,197
3600,36,13036779,105
3601,36,13037378,97
3642,37,13264743,69
3643,37,13266013,133
3644,37,13269065,268
3645,37,13286542,188
3646,37,13289316,134
3647,37,13296686,137
3648,37,13296744,67
3649,37,13297633,97
3650,37,13302860,132
3651,37,13303289,97
3722,38,13599023,66
3723,38,13599989,98
3724,38,13604851,107
3725,38,13606509,86
3726,38,13615217,249
3727,38,13617619,69
3728,38,13617770,105
3729,38,13619361,141
3730,38,13620054,84
3731,38,13621059,108
3732,38,13621182,18
3733,38,13621532,107
3734,38,13629796,70
3735,38,13631391,89
3736,38,13646563,97
3737,38,13646698,133
3738,38,13654142,96
3853,39,14167575,108
3854,39,14169870,98
3855,39,14192516,84
3856,39,14194188,105
3857,39,14212083,131
3858,39,14215145,64
3859,39,14218667,84
3860,39,14218688,108
3861,39,14225294,64
3862,39,14225548,70
3863,39,14227556,141
3864,39,14232094,70
3865,39,14238989,191
3866,39,14245277,281
3867,39,14245623,107
3868,39,14246019,96
3869,39,14266815,63
3870,39,14278702,103
3871,39,14282437,279
3872,39,14287499,274
3873,39,14290665,108
3874,39,14293195,270
3875,39,14304919,86
3876,39,14308779,55
3877,39,14321200,25
3878,39,14332386,188
3879,39,14332870,103
3880,39,14334207,191
3881,39,14336198,67
3920,40,14495875,283
3921,40,14496148,68
3922,40,14498238,108
3923,40,14503014,197
3924,40,14514406,134
3925,40,14515778,97
3926,40,14518009,127
3927,40,14520218,132
3928,40,14535493,132
3940,41,14598631,283
3941,41,14608284,62
3942,41,14610108,146
3961,42,14693262,106
3962,42,14696558,49
3963,42,14699257,97
3964,42,14701225,131
3965,42,14701399,88
3999,43,14835370,131
4000,43,14837675,97
4001,43,14840103,106
4002,43,14841097,108
4003,43,14842679,70
4004,43,14846016,59
4005,43,14855585,223
4006,43,14857090,105
4031,44,15024222,98
4032,44,15025311,70
4033,44,15029279,285
4034,44,15030578,132
4035,44,15031183,97
4036,44,15034415,97
4174,45,15545360,108
4175,45,15551793,67
4176,45,15552259,49
4177,45,15571620,96
4178,45,15575118,134
4179,45,15581689,108
4180,45,15585991,63
4181,45,15598670,131
4182,45,15603060,63
4183,45,15611763,127
4184,45,15613857,59
4185,45,15617148,97
4186,45,15618214,131
4187,45,15619795,108
4188,45,15623265,68
4189,45,15627953,49
4190,45,15629492,70
4191,45,15630312,105
4192,45,15636539,63
4193,45,15638529,60
4194,45,15644556,107
4195,45,15644627,96
4196,45,15658059,87
4197,45,15658120,107
4198,45,15659148,49
4199,45,15665086,285
4200,45,15673961,105
4201,45,15685019,279
4202,45,15692250,131
4203,45,15702763,285
4204,45,15705201,49
4205,45,15710562,279
4206,45,15713326,108
4207,45,15722469,107
5710,46,1556359,106
5711,46,1563712,97
5712,46,1571052,140
5713,46,1573729,224
5714,46,1574791,63
5715,46,1579489,141
5716,46,1580453,108
5717,46,1582078,105
5718,46,1582419,84
5719,46,1583907,131
5720,46,1585290,188
5721,46,1586627,133
5722,46,1586710,127
5723,46,1587903,108
5724,46,1588182,283
5725,46,1588536,268
5726,46,1589010,274
5727,46,1591298,105
5728,46,1591474,65
5729,46,1592676,132
5730,46,1592845,188
5731,46,1593550,107
5732,46,1595479,274
5733,46,1596380,87
5734,46,1598361,142
5735,46,1606651,137
5736,46,1607498,132
5737,46,1608357,96
5738,46,1610649,49
5739,46,1611271,106
5740,46,1612012,126
5741,46,1612118,279
5742,46,1613086,61
5743,46,1613747,107
5744,46,1615103,97
5745,46,1615641,86
5746,46,1616585,21
5747,46,1616590,86
5748,46,1616963,285
5749,46,1617178,64
5750,46,1617989,249
5751,46,1618036,137
5752,46,1618383,126
5753,46,1619540,249
5754,46,1619608,142
5755,46,1619875,89
5756,46,1620786,147
5757,46,1621383,63
5758,46,1621584,175
5759,46,1621782,188
5760,46,1622005,131
5761,46,1622123,107
5762,46,1623381,132
5763,46,1625008,127
5764,46,1625256,105
5765,46,1625592,87
5766,46,1626482,131
5767,46,1627847,285
5768,46,1627870,131
5769,46,1627907,186
5770,46,1628713,64
5771,46,1628754,127
5772,46,1630519,137
5773,46,1631000,283
5774,46,1631960,16
5775,46,1633844,249
5776,46,1634395,64
5777,46,1635990,108
5778,46,1636181,107
5779,46,1638350,140
5780,46,1645187,49
5781,46,1646511,132
5782,46,1650527,127
5783,46,1664089,283
5784,46,1667093,249
5785,46,1669577,127
5786,46,1669622,108
5787,46,1671112,58
5788,46,1671150,64
5789,46,1673217,279
5790,46,1673842,87
5791,46,1674300,40
5792,46,1674657,141
5793,46,1674855,142
5794,46,1675008,64
5795,46,1675269,64
5796,46,1675785,106
5797,46,1676084,64
5798,46,1676858,62
5799,46,1677238,108
5800,46,1677272,107
5801,46,1677272,108
5802,46,1677623,70
5803,46,1678286,105
5804,46,1678683,188
5805,46,1679285,188
5806,46,1680166,8
5807,46,1680818,127
5808,46,1680837,249
5809,46,1680934,107
5810,46,1681748,131
5811,46,1682315,87
5812,46,1682395,65
5813,46,1682513,105
5814,46,1683804,279
5815,46,1685297,104
5816,46,1688194,127
5817,46,1688492,89
5818,46,1688679,97
5819,46,1688945,108
5820,46,1689080,104
5821,46,1689913,63
5822,46,1693416,108
5823,46,1693735,108
5824,46,1694561,191
5825,46,1695010,68
5826,46,1697205,107
5827,46,1697598,126
5828,46,1697634,127
5829,46,1698342,63
5830,46,1700427,86
5831,46,1700923,131
5832,46,1701124,131
5833,46,1701728,15
5834,46,1702511,137
5835,46,1702780,108
5836,46,1704115,191
5837,46,1704615,107
5838,46,1705146,107
5839,46,1705290,108
5840,46,1706320,107
5841,46,1706485,19
5842,46,1706604,107
5843,46,1706872,127
5844,46,1707064,132
5845,46,1707773,87
5846,46,1708868,108
5847,46,1709139,103
5848,46,1709255,108
5849,46,1709469,133
5850,46,1709596,107
5851,46,1709858,191
5852,46,1710357,103
5853,46,1711008,97
5854,46,1711015,279
5855,46,1711948,132
5856,46,1712658,137
5857,46,1713173,137
5858,46,1713620,66
5859,46,1715584,132
5860,46,1716690,127
5861,46,1716844,132
5862,46,1718116,191
5863,46,1721065,107
5864,46,1721074,55
5865,46,1721255,106
5866,46,1722754,132
5867,46,1723800,249
5868,46,1724515,108
5869,46,1725163,86
5870,46,1726107,107
5871,46,1726225,96
5872,46,1727792,67
5873,46,1727845,69
5874,46,1727981,63
5875,46,1728644,140
5876,46,1729720,63
5877,46,1732631,97
5878,46,1733559,25
5879,46,1736310,134
5880,46,1736876,97
5881,46,1739822,62
5882,46,1743861,86
5883,46,1746695,21
5884,46,1753167,249
5885,46,1753960,104
5886,46,1755085,274
5887,46,1756274,98
5888,46,1756662,68
5889,46,1757184,106
5890,46,1757507,25
5891,46,1757692,58
5892,46,1757843,59
5893,46,1757898,126
5894,46,1759837,127
5895,46,1760087,106
5896,46,1760890,70
5897,46,1760903,69
5898,46,1763689,133
5899,46,1764705,285
5900,46,1765674,108
5901,46,1766923,97
5902,46,1767667,105
5903,46,1768119,103
5904,46,1768489,126
5905,46,1768516,107
5906,46,1769679,88
5907,46,1772368,188
5908,46,1774063,103
5909,46,1774221,107
5910,46,1774279,191
5911,46,1775719,49
5912,46,1776400,133
5913,46,1776958,69
5914,46,1777440,105
5915,46,1780705,279
5916,46,1780843,55
5917,46,1781521,86
5918,46,1781531,223
5919,46,1781659,132
5920,46,1781974,127
5921,46,1782238,139
5922,46,1782975,108
5923,46,1783273,103
5924,46,1784159,86
5925,46,1784191,191
5926,46,1784651,37
5927,46,1784866,65
5928,46,1784892,249
5929,46,1786011,188
5930,46,1787979,26
5931,46,1788310,131
5932,46,1788482,98
5933,46,1789259,197
5934,46,1789760,96
5935,46,1790487,127
5936,46,1790582,127
5937,46,1790784,97
5938,46,1791791,188
5939,46,1791986,107
5940,46,1793748,70
5941,46,1794243,132
5942,46,1795053,280
5943,46,1795174,147
5944,46,1795384,48
5945,46,1796544,127
5946,46,1797150,285
5947,46,1797264,64
5948,46,1797439,249
5949,46,1798781,127
5950,46,1799323,140
5951,46,1799368,86
5952,46,1799419,188
5953,46,1799725,127
5954,46,1800444,270
5955,46,1800465,108
5956,46,1800616,140
5957,46,1800774,105
5958,46,1801014,280
5959,46,1801235,87
5960,46,1801628,69
5961,46,1802124,64
5962,46,1802340,279
5963,46,1803792,249
5964,46,1804052,62
5965,46,1807057,97
5966,46,1807089,108
5967,46,1807674,108
5968,46,1807973,188
5969,46,1808061,68
5970,46,1808147,89
5971,46,1808304,107
5972,46,1809249,107
5973,46,1809640,131
5974,46,1810427,132
5975,46,1811273,107
5976,46,1811775,106
5977,46,1812255,143
5978,46,1813914,70
5979,46,1814068,133
5980,46,1814427,127
5981,46,1816038,279
5982,46,1817002,97
5983,46,1817692,132
5984,46,1823459,131
5985,46,1826771,131
5986,46,1828980,132
5987,46,1830130,108
5988,46,1830609,63
5989,46,1837261,131
5990,46,1838514,107
5991,46,1841034,132
5992,46,1842234,188
5993,46,1842654,249
5994,46,1844809,84
5995,46,1845016,107
5996,46,1845493,58
5997,46,1847358,63
5998,46,1848702,21
5999,46,1849086,107
6000,46,1849099,137
6001,46,1852705,107
6002,46,1853037,86
6003,46,1857911,126
6004,46,1859379,134
6005,46,1859380,191
6006,46,1859838,126
6007,46,1860169,188
6008,46,1860406,188
6009,46,1860773,108
6010,46,1860805,74
6011,46,1862884,88
6012,46,1863586,132
6013,46,1864461,249
6014,46,1866128,131
6015,46,1867142,140
6016,46,1867385,16
6017,46,1868188,11
6018,46,1868828,108
6019,46,1869842,64
6020,46,1869993,25
6021,46,1870194,66
6022,46,1870327,68
6023,46,1870335,127
6024,46,1874066,103
6025,46,1874276,70
6026,46,1874966,127
6027,46,1875795,131
6028,46,1876187,86
6029,46,1876360,127
6030,46,1876372,107
6031,46,1877166,107
6032,46,1877670,188
6033,46,1877715,127
6034,46,1878741,132
6035,46,1879072,107
6036,46,1879224,132
6037,46,1879415,131
6038,46,1880897,137
6039,46,1881088,64
6040,46,1881128,107
6041,46,1881873,147
6042,46,1883240,87
6043,46,1883388,87
6044,46,1884205,65
6045,46,1884674,191
6046,46,1884797,59
6047,46,1884809,61
6048,46,1884837,131
6049,46,1885411,107
6050,46,1885557,87
6051,46,1887043,137
6052,46,1889166,97
6053,46,1889552,107
6054,46,1890323,137
6055,46,1892624,87
6056,46,1894016,97
6057,46,1894668,69
6058,46,1894885,87
6059,46,1895177,64
6060,46,1895990,133
6061,46,1897878,97
6062,46,1897918,108
6063,46,1899143,127
6064,46,1899690,134
6065,46,1900012,137
6066,46,1900647,132
6067,46,1901304,132
6068,46,1901321,66
6069,46,1901907,98
6070,46,1902880,49
6071,46,1903435,97
6072,46,1904272,132
6073,46,1905476,131
6074,46,1907786,97
6075,46,1909621,137
6076,46,1910282,279
6077,46,1910295,134
6078,46,1911660,133
6079,46,1915301,98
6080,46,1915720,107
6081,46,1915787,55
6082,46,1917713,175
6083,46,1923290,132
6084,46,1943479,132
6085,46,1959590,131
17217,47,12790137,108
17218,47,12790165,54
17219,47,12790721,132
17220,47,12792544,70
17221,47,12793908,97
17222,47,12795668,131
17223,47,12795811,70
17224,47,12796816,131
17225,47,12797723,59
17226,47,12798107,59
17227,47,12800008,197
17228,47,12800478,97
17229,47,12801457,97
17230,47,12801601,63
17231,47,12803446,131
17232,47,12806802,103
17233,47,12808740,97
17234,47,12810176,127
17235,47,12810523,175
17236,47,12811779,140
17237,47,12813602,143
17238,47,12817631,106
17239,47,12821542,63
17240,47,12823327,131
17241,47,12825002,93
17242,47,12825186,108
17243,47,12825395,134
17244,47,12825544,141
17245,47,12825550,127
17246,47,12825550,61
17247,47,12825699,132
17248,47,12825959,131
17249,47,12826485,97
17250,47,12827798,59
17251,47,12828523,19
17252,47,12828621,279
17253,47,12829396,223
17254,47,12830169,70
17255,47,12831108,66
17256,47,12831925,137
17257,47,12832177,147
17258,47,12832644,64
17259,47,12833864,191
17260,47,12834154,84
17261,47,12836158,279
17262,47,12837142,108
17263,47,12837414,108
17264,47,12838530,84
17265,47,12839560,131
17266,47,12840344,70
17267,47,12841404,63
17268,47,12841998,62
17269,47,12842692,133
17270,47,12842753,16
17271,47,12843944,70
17272,47,12846947,108
17273,47,12847316,127
17274,47,12847434,69
17275,47,12850101,66
17276,47,12850169,97
17277,47,12850939,136
17278,47,12851212,107
17279,47,12851536,64
17280,47,12853405,84
17281,47,12853904,107
17282,47,12854222,279
17283,47,12854758,70
17284,47,12856137,106
17285,47,12856801,84
17286,47,12857017,106
17287,47,12858679,191
17288,47,12861159,283
17289,47,12861518,285
17290,47,12861842,86
17291,47,12862254,107
17292,47,12863041,132
17293,47,12863329,84
17294,47,12863995,108
17295,47,12864639,20
17296,47,12864771,49
17297,47,12865078,127
17298,47,12867093,87
17299,47,12867494,108
17300,47,12868329,105
17301,47,12870250,108
17302,47,12870602,97
17303,47,12870919,142
17304,47,12871512,86
17305,47,12871757,59
17306,47,12872002,107
17307,47,12872372,69
17308,47,12872937,70
17309,47,12873018,103
17310,47,12873519,131
17311,47,12873644,97
17312,47,12873973,64
17313,47,12875276,105
17314,47,12875350,68
17315,47,12876010,131
17316,47,12876070,58
17317,47,12876083,97
17318,47,12876778,224
17319,47,12877134,63
17320,47,12878022,97
17321,47,12878561,131
17322,47,12878642,127
17323,47,12880050,97
17324,47,12880114,62
17325,47,12880227,70
17326,47,12880811,69
17327,47,12881955,67
17328,47,12882419,56
17329,47,12882442,97
17330,47,12882473,97
17331,47,12883537,68
17332,47,12884283,107
17333,47,12886349,97
17334,47,12887107,88
17335,47,12890388,97
17336,47,12893552,140
17337,47,12900644,107
17338,47,12902552,107
17339,47,12904425,105
17340,47,12905989,127
17341,47,12906500,107
17342,47,12908062,49
17343,47,12908391,107
17344,47,12911461,93
17345,47,12913724,97
17346,47,12915353,66
17347,47,12915566,281
17348,47,12917675,86
17349,47,12917921,137
17350,47,12918671,88
17351,47,12918760,70
17352,47,12919832,131
17353,47,12919854,107
17354,47,12920629,188
17355,47,12921378,188
17356,47,12921581,59
17357,47,12921709,69
17358,47,12922370,131
17359,47,12922408,191
17360,47,12922558,19
17361,47,12925323,137
17362,47,12925380,127
17363,47,12925401,140
17364,47,12925544,132
17365,47,12926191,58
17366,47,12929424,285
17367,47,12930255,143
17368,47,12931583,127
17369,47,12932503,107
17370,47,12933879,63
17371,47,12935018,66
17372,47,12935308,69
17373,47,12937886,107
17374,47,12938317,133
17375,47,12939411,137
17376,47,12939845,84
17377,47,12940767,281
17378,47,12941329,106
17379,47,12941368,108
17380,47,12941594,84
17381,47,12942772,88
17382,47,12943218,249
17383,47,12943698,49
17384,47,12944226,69
17385,47,12944434,103
17386,47,12944749,105
17387,47,12945061,137
17388,47,12948063,87
17389,47,12948888,30
17390,47,12949995,97
17391,47,12950259,59
17392,47,12950561,283
17393,47,12951221,107
17394,47,12951917,270
17395,47,12952376,127
17396,47,12953009,131
17397,47,12954810,270
17398,47,12956067,141
17399,47,12956918,175
17400,47,12958135,63
17401,47,12959239,107
17402,47,12961633,80
17403,47,12962911,132
17404,47,12962962,108
17405,47,12965333,107
17406,47,12966689,88
17407,47,12966862,198
17408,47,12968593,134
17409,47,12969147,59
17410,47,12971484,62
17411,47,12971989,223
17412,47,12974180,49
17413,47,12977661,141
17414,47,12978779,131
17415,47,12985130,285
17416,47,12992039,249
17417,47,12992073,274
17418,47,12995266,64
17419,47,12998878,108
17420,47,13000181,64
17421,47,13000225,134
17422,47,13000445,281
17423,47,13000901,132
17424,47,13004345,132
17425,47,13004611,107
17426,47,13007280,69
17427,47,13012468,103
17428,47,13014319,127
17429,47,13015830,107
17430,47,13015967,141
17431,47,13017175,283
17432,47,13019478,107
17433,47,13019882,127
17434,47,13019964,274
17435,47,13021154,285
17436,47,13021871,49
17437,47,13023580,104
17438,47,13024368,63
17439,47,13025113,59
17440,47,13025280,106
17441,47,13026301,279
17442,47,13026515,107
17443,47,13026638,137
17444,47,13027360,188
17445,47,13029083,132
17446,47,13029528,133
17447,47,13031119,285
17448,47,13031129,97
17449,47,13031260,87
17450,47,13031353,175
17451,47,13033253,107
17452,47,13035277,279
17453,47,13035852,191
17454,47,13037619,131
17455,47,13039396,191
17456,47,13041588,274
17457,47,13043308,86
17458,47,13043608,59
17459,47,13044008,107
17460,47,13044433,65
17461,47,13044739,127
17462,47,13046414,63
17463,47,13046916,131
17464,47,13047545,108
17465,47,13051038,97
17466,47,13054925,87
17467,47,13057920,55
17468,47,13062313,62
17469,47,13062703,19
17470,47,13071530,270
17471,47,13071733,55
17472,47,13073017,107
17473,47,13073560,107
17474,47,13074117,107
17475,47,13075410,137
17476,47,13076175,70
17477,47,13076681,63
17478,47,13079609,108
17479,47,13080351,126
17480,47,13080825,285
17481,47,13082162,84
17482,47,13083858,131
17483,47,13085026,131
17484,47,13085374,108
17485,47,13085497,188
17486,47,13087416,126
17487,47,13090374,127
17488,47,13090831,249
17489,47,13092383,103
17490,47,13093939,107
17491,47,13094841,132
17492,47,13100178,19
17493,47,13100738,268
17494,47,13101044,282
17495,47,13101272,127
17496,47,13104590,186
17497,47,13104653,127
17498,47,13107509,147
17499,47,13108071,137
17500,47,13110128,70
17501,47,13110280,141
17502,47,13110594,107
17503,47,13111219,106
17504,47,13112586,107
17505,47,13114508,134
17506,47,13115375,87
17507,47,13116148,131
17508,47,13117751,30
17509,47,13118481,55
17510,47,13119089,132
17511,47,13120455,107
17512,47,13120487,249
17513,47,13120933,127
17514,47,13121699,137
17515,47,13121765,131
17516,47,13122391,138
17517,47,13123513,107
17518,47,13123746,49
17519,47,13123958,70
17520,47,13125122,63
17521,47,13126060,55
17522,47,13126563,96
17523,47,13129251,279
17524,47,13132643,188
17525,47,13133798,97
17526,47,13135785,127
17527,47,13138338,127
17528,47,13146378,197
17529,47,13154628,269
17530,47,13154694,274
17531,47,13159251,70
17532,47,13160024,84
17533,47,13161004,127
17534,47,13161226,108
17535,47,13161597,107
17536,47,13163397,131
17537,47,13163786,134
17538,47,13165298,84
17539,47,13169881,127
17540,47,13170052,108
17541,47,13170857,33
17542,47,13170944,131
17543,47,13172812,270
17544,47,13174970,62
17545,47,13177457,105
17546,47,13177837,131
17547,47,13179186,270
17548,47,13180856,132
17549,47,13183908,127
17550,47,13187836,103
17551,47,13188624,108
17552,47,13189094,63
17553,47,13189275,132
17554,47,13189846,66
17555,47,13191424,65
17556,47,13192459,107
17557,47,13194044,103
17558,47,13194640,283
17559,47,13195629,127
17560,47,13196016,59
17561,47,13196242,19
17562,47,13196441,93
17563,47,13197169,49
17564,47,13198318,127
17565,47,13199728,270
17566,47,13200379,64
17567,47,13200646,6
17568,47,13201314,70
17569,47,13202316,134
17570,47,13202630,107
17571,47,13203797,131
17572,47,13205272,132
17573,47,13205286,69
17574,47,13205457,97
17575,47,13206754,268
17576,47,13207280,62
17577,47,13207453,69
17578,47,13207936,104
17579,47,13208697,285
17580,47,13208819,249
17581,47,13209464,107
17582,47,13209887,97
17583,47,13211911,106
17584,47,13213010,108
17585,47,13213994,279
17586,47,13215392,137
17587,47,13215849,249
17588,47,13216172,54
17589,47,13216276,108
17590,47,13216870,70
17591,47,13218626,68
17592,47,13218697,131
17593,47,13218790,108
17594,47,13218885,69
17595,47,13218898,132
17596,47,13218933,87
17597,47,13219924,249
17598,47,13221070,86
17599,47,13221121,131
17600,47,13225540,108
17601,47,13226001,49
17602,47,13231084,84
17603,47,13243431,87
17604,47,13244286,285
17605,47,13246422,23
17606,47,13247463,107
17607,47,13249634,279
17608,47,13250339,70
17609,47,13252271,97
17610,47,13252779,107
17611,47,13253268,25
17612,47,13253480,132
17613,47,13253650,249
17614,47,13253832,63
17615,47,13253884,249
17616,47,13254131,127
17617,47,13254146,63
17618,47,13254824,68
17619,47,13255478,127
17620,47,13256196,64
17621,47,13256422,268
17622,47,13256538,279
17623,47,13257093,107
17624,47,13257224,270
17625,47,13257542,106
17626,47,13257825,105
17627,47,13258513,69
17628,47,13259848,63
17629,47,13263699,107
17630,47,13265908,270
17631,47,13266308,96
17632,47,13268975,131
17633,47,13271859,134
17634,47,13272666,285
17635,47,13273071,108
17636,47,13273993,147
17637,47,13277015,138
17638,47,13278659,49
17639,47,13280032,140
17640,47,13280261,108
17641,47,13280294,131
17642,47,13280746,63
17643,47,13281448,86
17644,47,13281536,108
17645,47,13283612,63
17646,47,13283640,107
17647,47,13283724,59
17648,47,13284938,86
17649,47,13285944,127
17650,47,13286731,108
17651,47,13287178,108
17652,47,13289475,107
17653,47,13289903,249
17654,47,13290237,281
17655,47,13291758,132
17656,47,13293661,93
17657,47,13293960,69
17658,47,13294131,175
17659,47,13294344,87
17660,47,13294977,281
17661,47,13295966,132
17662,47,13296530,134
17663,47,13296558,103
17664,47,13296674,127
17665,47,13296747,86
17666,47,13297539,87
17667,47,13298139,97
17668,47,13299801,70
17669,47,13300795,49
17670,47,13301652,108
17671,47,13301812,93
17672,47,13302386,103
17673,47,13302884,97
17674,47,13303701,86
17675,47,13304534,87
17676,47,13305498,249
17677,47,13305952,133
17678,47,13306550,107
17679,47,13307608,108
17680,47,13309184,86
17681,47,13311026,134
17682,47,13312291,149
17683,47,13313349,96
17684,47,13317226,97
17685,47,13320989,107
17686,47,13324371,105
17687,47,13326268,134
17688,47,13327081,84
17689,47,13329828,103
17690,47,13330703,49
17691,47,13331304,108
17692,47,13331910,84
17693,47,13332374,97
17694,47,13333339,63
17695,47,13333344,64
17696,47,13333995,249
17697,47,13334546,84
17698,47,13334934,249
17699,47,13335322,279
17700,47,13335785,65
17701,47,13335789,249
17702,47,13336342,103
17703,47,13338427,133
17704,47,13338762,69
17705,47,13339694,134
17706,47,13339879,84
17707,47,13339998,69
17708,47,13341926,108
17709,47,13342799,107
17710,47,13345127,108
17711,47,13346276,87
17712,47,13348493,19
17713,47,13351439,279
17714,47,13351809,107
17715,47,13353627,127
17716,47,13353673,105
17717,47,13358130,223
17718,47,13358327,25
17719,47,13358627,66
17720,47,13359101,70
17721,47,13360624,274
17722,47,13361369,127
17723,47,13361479,108
17724,47,13365127,249
17725,47,13366513,131
17726,47,13366777,54
17727,47,13367092,107
17728,47,13367269,86
17729,47,13369165,70
17730,47,13369549,107
17731,47,13369870,188
17732,47,13370234,188
17733,47,13370382,87
17734,47,13371314,107
17735,47,13371407,147
17736,47,13371711,107
17737,47,13373022,141
17738,47,13373258,59
17739,47,13373639,108
17740,47,13374074,108
17741,47,13374113,64
17742,47,13374512,55
17743,47,13374931,65
17744,47,13375259,88
17745,47,13375485,105
17746,47,13375740,137
17747,47,13376397,66
17748,47,13377911,127
17749,47,13378849,107
17750,47,13379025,279
17751,47,13379726,84
17752,47,13379756,65
17753,47,13380183,108
17754,47,13380747,134
17755,47,13382938,131
17756,47,13383305,96
17757,47,13383475,64
17758,47,13383919,108
17759,47,13383999,132
17760,47,13384011,108
17761,47,13384216,191
17762,47,13384408,175
17763,47,13384915,18
17764,47,13386300,86
17765,47,13386326,188
17766,47,13386508,107
17767,47,13387254,134
17768,47,13387385,285
17769,47,13387929,63
17770,47,13388668,249
17771,47,13388912,108
17772,47,13389163,285
17773,47,13390230,188
17774,47,13390479,132
17775,47,13390725,270
17776,47,13391137,55
17777,47,13391484,97
17778,47,13393223,108
17779,47,13393672,225
17780,47,13394061,131
17781,47,13394329,68
17782,47,13394941,131
17783,47,13395649,98
17784,47,13396385,284
17785,47,13397364,103
17786,47,13397483,97
17787,47,13397696,86
17788,47,13397745,84
17789,47,13398740,279
17790,47,13400997,283
17791,47,13403830,108
17792,47,13404661,87
17793,47,13405172,97
17794,47,13405418,87
17795,47,13405893,62
17796,47,13406986,131
17797,47,13407254,21
17798,47,13408290,97
17799,47,13410248,97
17800,47,13415278,49
17801,47,13419056,96
17802,47,13421635,49
17803,47,13422014,65
17804,47,13423497,64
17805,47,13423868,106
17806,47,13425720,107
17807,47,13425842,107
17808,47,13426088,106
17809,47,13428438,279
17810,47,13430697,283
17811,47,13431021,68
17812,47,13431424,131
17813,47,13431911,49
17814,47,13432094,134
17815,47,13432341,108
17816,47,13432868,127
17817,47,13434271,147
17818,47,13435991,127
17819,47,13436033,107
17820,47,13436205,104
17821,47,13438101,107
17822,47,13438970,97
17823,47,13440195,107
17824,47,13440637,127
17825,47,13445457,107
17826,47,13445699,107
17827,47,13446475,70
17828,47,13446500,106
17829,47,13446745,106
17830,47,13446967,107
17831,47,13451033,133
17832,47,13453302,70
17833,47,13453651,89
17834,47,13454332,134
17835,47,13455125,131
17836,47,13456723,107
17837,47,13457514,108
17838,47,13457698,68
17839,47,13457871,105
17840,47,13457918,97
17841,47,13458170,70
17842,47,13458676,103
17843,47,13459731,59
17844,47,13460135,285
17845,47,13460422,107
17846,47,13461151,249
17847,47,13461530,133
17848,47,13462221,107
17849,47,13462273,108
17850,47,13462723,132
17851,47,13463256,249
17852,47,13463986,49
17853,47,13464074,86
17854,47,13464516,97
17855,47,13464601,16
17856,47,13464690,87
17857,47,13465352,66
17858,47,13465738,6
17859,47,13467468,108
17860,47,13468493,197
17861,47,13468507,292
17862,47,13469468,108
17863,47,13469831,96
17864,47,13469889,191
17865,47,13470543,19
17866,47,13470700,107
17867,47,13471019,107
17868,47,13471211,16
17869,47,13471454,103
17870,47,13471787,188
17871,47,13471895,107
17872,47,13472328,131
17873,47,13472466,68
17874,47,13473261,49
17875,47,13473271,89
17876,47,13474364,188
17877,47,13474800,63
17878,47,13474998,108
17879,47,13476823,107
17880,47,13476904,274
17881,47,13476943,59
17882,47,13477023,49
17883,47,13477273,43
17884,47,13478696,140
17885,47,13479265,49
17886,47,13479290,58
17887,47,13481287,188
17888,47,13481364,96
17889,47,13481773,279
17890,47,13482136,126
17891,47,13482516,49
17892,47,13482836,103
17893,47,13483059,96
17894,47,13483316,127
17895,47,13483540,69
17896,47,13484473,131
17897,47,13484871,49
17898,47,13485278,62
17899,47,13485990,274
17900,47,13486043,97
17901,47,13486303,87
17902,47,13487006,98
17903,47,13488145,21
17904,47,13491497,131
17905,47,13492316,133
17906,47,13493809,134
17907,47,13496949,97
17908,47,13499350,58
17909,47,13502578,188
17910,47,13506441,87
17911,47,13512114,69
17912,47,13512608,279
17913,47,13513643,142
17914,47,13513753,97
17915,47,13513985,131
17916,47,13515148,108
17917,47,13515435,106
17918,47,13517502,97
17919,47,13518340,103
17920,47,13518890,127
17921,47,13519192,131
17922,47,13520235,105
17923,47,13522319,49
17924,47,13523323,127
17925,47,13523501,107
17926,47,13523699,131
17927,47,13523863,107
17928,47,13523894,134
17929,47,13523996,108
17930,47,13524953,108
17931,47,13526998,84
17932,47,13528371,68
17933,47,13528923,142
17934,47,13531375,70
17935,47,13531478,84
17936,47,13531917,279
17937,47,13532279,63
17938,47,13533797,107
17939,47,13534269,249
17940,47,13534626,191
17941,47,13535508,127
17942,47,13535747,59
17943,47,13536889,59
17944,47,13537318,70
17945,47,13537418,131
17946,47,13537675,107
17947,47,13538305,68
17948,47,13538448,107
17949,47,13538673,191
17950,47,13539254,63
17951,47,13539467,98
17952,47,13539949,87
17953,47,13540688,107
17954,47,13540995,107
17955,47,13541352,48
17956,47,13541685,106
17957,47,13542067,59
17958,47,13543236,84
17959,47,13543905,197
17960,47,13543935,133
17961,47,13544025,103
17962,47,13544091,105
17963,47,13544311,86
17964,47,13545776,87
17965,47,13546630,131
17966,47,13546904,68
17967,47,13547677,59
17968,47,13549912,131
17969,47,13553710,132
17970,47,13554998,105
17971,47,13555122,132
17972,47,13556467,108
17973,47,13558037,97
17974,47,13558260,64
17975,47,13559379,97
17976,47,13560015,98
17977,47,13562679,103
17978,47,13565723,175
17979,47,13569458,97
17980,47,13571368,134
17981,47,13580399,97
17982,47,13591121,127
17983,47,13591208,59
17984,47,13592065,19
17985,47,13592218,59
17986,47,13592884,131
17987,47,13593224,103
17988,47,13593813,198
17989,47,13593983,107
17990,47,13594919,107
17991,47,13595979,105
17992,47,13596309,274
17993,47,13596466,106
17994,47,13597256,131
17995,47,13597474,65
17996,47,13599025,86
17997,47,13601062,103
17998,47,13605228,64
17999,47,13608268,107
18000,47,13608775,68
18001,47,13611985,249
18002,47,13612834,137
18003,47,13615477,188
18004,47,13618180,88
18005,47,13618606,249
18006,47,13619832,249
18007,47,13620242,70
18008,47,13620389,131
18009,47,13620947,106
18010,47,13621282,105
18011,47,13621284,107
18012,47,13622485,106
18013,47,13623185,105
18014,47,13623296,65
18015,47,13623574,66
18016,47,13624141,103
18017,47,13624443,126
18018,47,13625124,127
18019,47,13625304,285
18020,47,13625476,249
18021,47,13626448,58
18022,47,13627466,107
18023,47,13627772,285
18024,47,13629903,127
18025,47,13630497,107
18026,47,13630688,64
18027,47,13631273,140
18028,47,13631447,87
18029,47,13631842,188
18030,47,13632682,132
18031,47,13634045,64
18032,47,13636734,138
18033,47,13638056,107
18034,47,13640936,132
18035,47,13641899,97
18036,47,13642154,134
18037,47,13644622,281
18038,47,13647433,141
18039,47,13647635,105
18040,47,13649895,133
18041,47,13650207,285
18042,47,13653348,107
18043,47,13655022,19
18044,47,13661709,133
18045,47,13669895,65
18046,47,13674720,107
18047,47,13675235,249
18048,47,13676426,107
18049,47,13676872,131
18050,47,13679967,108
18051,47,13680424,107
18052,47,13681766,279
18053,47,13682961,285
18054,47,13684209,64
18055,47,13684608,107
18056,47,13686838,249
18057,47,13689067,107
18058,47,13690395,103
18059,47,13691017,89
18060,47,13691195,186
18061,47,13691391,107
18062,47,13691811,127
18063,47,13692888,107
18064,47,13693425,132
18065,47,13694715,107
18066,47,13698879,198
18067,47,13701563,106
18068,47,13703203,133
18069,47,13704720,137
18070,47,13705922,285
18071,47,13706422,141
18072,47,13706624,249
18073,47,13707060,59
18074,47,13707348,108
18075,47,13707652,107
18076,47,13707783,103
18077,47,13708373,106
18078,47,13708547,127
18079,47,13709246,191
18080,47,13712845,61
18081,47,13713091,106
18082,47,13713539,274
18083,47,13714249,60
18084,47,13714842,97
18085,47,13715573,106
18086,47,13715770,18
18087,47,13716371,106
18088,47,13716783,132
18089,47,13716920,127
18090,47,13718252,59
18091,47,13718382,87
18092,47,13718828,140
18093,47,13719710,131
18094,47,13719752,132
18095,47,13719941,107
18096,47,13721123,108
18097,47,13722080,141
18098,47,13723181,105
18099,47,13723729,105
18100,47,13725605,197
18101,47,13726074,142
18102,47,13727906,285
18103,47,13729718,188
18104,47,13730007,133
18105,47,13730990,191
18106,47,13736862,133
18107,47,13737225,64
18108,47,13738825,63
18109,47,13739058,49
18110,47,13740013,188
18111,47,13740421,131
18112,47,13741090,133
18113,47,13741565,97
18114,47,13744593,86
18115,47,13746583,97
18116,47,13746895,49
18117,47,13754830,133
18118,47,13759273,133
18119,47,13760414,108
18120,47,13761675,131
18121,47,13762171,63
18122,47,13763454,108
18123,47,13764006,262
18124,47,13765254,84
18125,47,13767161,107
18126,47,13767266,127
18127,47,13767362,127
18128,47,13768536,108
18129,47,13768929,108
18130,47,13769228,86
18131,47,13771483,84
18132,47,13771655,68
18133,47,13772499,66
18134,47,13773459,63
18135,47,13774460,30
18136,47,13774674,108
18137,47,13775436,127
18138,47,13776408,88
18139,47,13779913,64
18140,47,13780036,64
18141,47,13780760,188
18142,47,13781933,188
18143,47,13782150,107
18144,47,13782617,134
18145,47,13784899,86
18146,47,13785882,37
18147,47,13786273,108
18148,47,13786608,134
18149,47,13787300,249
18150,47,13787835,133
18151,47,13789417,86
18152,47,13790296,54
18153,47,13790596,188
18154,47,13793078,64
18155,47,13793517,133
18156,47,13793857,132
18157,47,13794534,107
18158,47,13795063,127
18159,47,13796001,70
18160,47,13796025,108
18161,47,13796335,133
18162,47,13797378,108
18163,47,13797454,249
18164,47,13797580,86
18165,47,13797691,132
18166,47,13798015,127
18167,47,13798058,132
18168,47,13798194,131
18169,47,13799104,103
18170,47,13799400,107
18171,47,13800200,132
18172,47,13801309,126
18173,47,13802107,63
18174,47,13803124,249
18175,47,13804055,134
18176,47,13805750,279
18177,47,13806437,107
18178,47,13807330,97
18179,47,13807936,65
18180,47,13811173,108
18181,47,13811889,106
18182,47,13811923,279
18183,47,13812005,131
18184,47,13813089,249
18185,47,13815010,107
18186,47,13815048,70
18187,47,13816953,69
18188,47,13817120,19
18189,47,13817898,127
18190,47,13818044,133
18191,47,13819534,138
18192,47,13821786,137
18193,47,13822197,197
18194,47,13822846,16
18195,47,13824565,103
18196,47,13824783,137
18197,47,13824812,197
18198,47,13824816,96
18199,47,13825307,59
18200,47,13825589,197
18201,47,13826022,191
18202,47,13828263,249
18203,47,13842862,134
18204,47,13844192,107
18205,47,13847962,63
18206,47,13848224,103
18207,47,13849801,126
18208,47,13850161,107
18209,47,13851267,107
18210,47,13853313,107
18211,47,13854342,107
18212,47,13854597,175
18213,47,13855927,107
18214,47,13858096,64
18215,47,13860107,87
18216,47,13861172,108
18217,47,13861449,274
18218,47,13861678,63
18219,47,13862060,249
18220,47,13862807,106
18221,47,13863496,96
18222,47,13865576,64
18223,47,13866729,108
18224,47,13867680,147
18225,47,13869912,108
18226,47,13875560,107
18227,47,13876994,93
18228,47,13877117,106
18229,47,13878323,19
18230,47,13878340,188
18231,47,13878612,69
18232,47,13879174,106
18233,47,13879950,127
18234,47,13882226,127
18235,47,13883602,141
18236,47,13883950,127
18237,47,13884025,191
18238,47,13884268,279
18239,47,13884524,249
18240,47,13885694,97
18241,47,13885722,64
18242,47,13886010,249
18243,47,13886562,131
18244,47,13888929,107
18245,47,13889368,96
18246,47,13890396,59
18247,47,13891572,249
18248,47,13891657,132
18249,47,13893662,106
18250,47,13893734,70
18251,47,13893748,70
18252,47,13895329,249
18253,47,13895575,61
18254,47,13895886,70
18255,47,13897472,108
18256,47,13898024,107
18257,47,13898760,108
18258,47,13900756,131
18259,47,13900952,131
18260,47,13901073,188
18261,47,13902084,191
18262,47,13902144,49
18263,47,13902505,131
18264,47,13902847,270
18265,47,13904183,107
18266,47,13905120,175
18267,47,13905402,138
18268,47,13905448,106
18269,47,13905903,107
18270,47,13906123,138
18271,47,13907582,66
18272,47,13912009,270
18273,47,13913700,106
18274,47,13914982,137
18275,47,13916211,97
18276,47,13916574,105
18277,47,13917787,285
18278,47,13918543,49
18279,47,13918882,62
18280,47,13919679,132
18281,47,13919896,97
18282,47,13922592,274
18283,47,13926163,131
18284,47,13928364,279
18285,47,13929736,97
18286,47,13933510,132
18287,47,13935214,25
18288,47,13939099,131
18289,47,13941409,127
18290,47,13942147,70
18291,47,13942364,66
18292,47,13943246,284
18293,47,13943721,64
18294,47,13944107,97
18295,47,13944810,97
18296,47,13945179,59
18297,47,13945259,97
18298,47,13946478,126
18299,47,13948818,107
18300,47,13948895,108
18301,47,13949552,104
18302,47,13949660,131
18303,47,13949674,60
18304,47,13949926,69
18305,47,13949999,134
18306,47,13950059,285
18307,47,13952315,63
18308,47,13954575,106
18309,47,13955580,249
18310,47,13956015,84
18311,47,13957203,249
18312,47,13958534,147
18313,47,13960718,188
18314,47,13961538,16
18315,47,13961981,108
18316,47,13962986,127
18317,47,13964622,69
18318,47,13966205,149
18319,47,13966218,127
18320,47,13967598,26
18321,47,13967661,249
18322,47,13969957,86
18323,47,13970008,107
18324,47,13970232,133
18325,47,13970529,84
18326,47,13971323,279
18327,47,13972186,103
18328,47,13972954,84
18329,47,13974849,131
18330,47,13976313,108
18331,47,13976902,16
18332,47,13977002,132
18333,47,13977058,87
18334,47,13977067,49
18335,47,13980321,107
18336,47,13980883,70
18337,47,13983209,132
18338,47,13983231,97
18339,47,13983257,59
18340,47,13984688,131
18341,47,13984821,108
18342,47,13984870,66
18343,47,13987076,70
18344,47,13988322,61
18345,47,13988331,270
18346,47,13989456,108
18347,47,13989647,19
18348,47,13990372,86
18349,47,13990900,49
18350,47,13991393,285
18351,47,13991579,270
18352,47,13993236,86
18353,47,13993581,107
18354,47,13993608,62
18355,47,13993924,70
18356,47,13994306,249
18357,47,13994635,105
18358,47,13995002,107
18359,47,13995440,19
18360,47,13995815,137
18361,47,13996257,133
18362,47,13997564,48
18363,47,13998068,134
18364,47,13998339,70
18365,47,13998403,96
18366,47,13998481,21
18367,47,13998764,70
18368,47,13998787,97
18369,47,14000427,97
18370,47,14000950,88
18371,47,14000974,175
18372,47,14000983,134
18373,47,14002234,106
18374,47,14002413,103
18375,47,14002814,107
18376,47,14004151,134
18377,47,14004241,65
18378,47,14005019,188
18379,47,14005336,97
18380,47,14005789,87
18381,47,14006008,97
18382,47,14006437,134
18383,47,14007165,97
18384,47,14007373,132
18385,47,14007766,97
18386,47,14008556,97
18387,47,14008705,249
18388,47,14008802,97
18389,47,14008992,97
18390,47,14011720,142
18391,47,14011890,108
18392,47,14015372,188
18393,47,14015935,134
18394,47,14017336,126
18395,47,14021423,131
18396,47,14024732,106
18397,47,14027842,107
18398,47,14029219,84
18399,47,14031367,131
18400,47,14032994,108
18401,47,14035589,131
18402,47,14038013,66
18403,47,14038545,86
18404,47,14039975,25
18405,47,14040567,103
18406,47,14041067,108
18407,47,14042732,108
18408,47,14043425,188
18409,47,14043486,141
18410,47,14044179,105
18411,47,14045346,105
18412,47,14046751,93
18413,47,14047792,84
18414,47,14048869,97
18415,47,14049276,84
18416,47,14050254,58
18417,47,14050923,249
18418,47,14050988,68
18419,47,14051625,191
18420,47,14051758,107
18421,47,14051824,133
18422,47,14052350,131
18423,47,14052487,107
18424,47,14052732,132
18425,47,14052747,86
18426,47,14053318,127
18427,47,14054668,191
18428,47,14055271,132
18429,47,14055474,138
18430,47,14055952,132
18431,47,14056368,106
18432,47,14057287,137
18433,47,14058261,59
18434,47,14058288,64
18435,47,14058466,147
18436,47,14059795,107
18437,47,14060184,70
18438,47,14060995,126
18439,47,14061005,70
18440,47,14061082,191
18441,47,14062414,132
18442,47,14062597,126
18443,47,14062930,107
18444,47,14063520,134
18445,47,14064075,98
18446,47,14065965,108
18447,47,14066115,86
18448,47,14066869,14
18449,47,14067520,106
18450,47,14067924,64
18451,47,14068351,108
18452,47,14068521,132
18453,47,14068582,108
18454,47,14070598,69
18455,47,14071716,175
18456,47,14072431,49
18457,47,14075276,59
18458,47,14077854,133
18459,47,14077912,137
18460,47,14078340,137
18461,47,14079477,84
18462,47,14079882,141
18463,47,14080083,108
18464,47,14080160,69
18465,47,14080999,133
18466,47,14081742,132
18467,47,14081785,49
18468,47,14083031,97
18469,47,14084113,281
18470,47,14085196,142
18471,47,14085526,127
18472,47,14085697,131
18473,47,14085867,62
18474,47,14086730,97
18475,47,14088322,133
18476,47,14088752,70
18477,47,14089648,132
18478,47,14089708,126
18479,47,14090523,131
18480,47,14091770,132
18481,47,14092330,98
18482,47,14092810,97
18483,47,14093599,84
18484,47,14094152,49
18485,47,14095226,54
18486,47,14095631,59
18487,47,14096721,108
18488,47,14097320,142
18489,47,14104998,131
18490,47,14105044,54
18491,47,14105710,188
18492,47,14106024,107
18493,47,14109545,107
18494,47,14109629,105
18495,47,14117783,108
18496,47,14118834,137
18497,47,14119083,15
18498,47,14119953,147
18499,47,14120968,127
18500,47,14121821,107
18501,47,14123308,105
18502,47,14124785,87
18503,47,14125179,108
18504,47,14128207,127
18505,47,14129652,279
18506,47,14130270,108
18507,47,14130712,106
18508,47,14131358,285
18509,47,14132612,65
18510,47,14133006,105
18511,47,14134718,84
18512,47,14134804,55
18513,47,14136461,65
18514,47,14136787,49
18515,47,14137174,108
18516,47,14137250,132
18517,47,14139282,97
18518,47,14139394,107
18519,47,14140929,132
18520,47,14141499,281
18521,47,14141663,108
18522,47,14142846,64
18523,47,14143560,64
18524,47,14144076,62
18525,47,14144501,19
18526,47,14145011,142
18527,47,14146188,65
18528,47,14146928,270
18529,47,14147513,63
18530,47,14148216,283
18531,47,14148391,127
18532,47,14149115,137
18533,47,14149337,70
18534,47,14149909,64
18535,47,14150791,69
18536,47,14151135,107
18537,47,14152696,106
18538,47,14153732,103
18539,47,14154337,107
18540,47,14154623,107
18541,47,14155400,108
18542,47,14157079,142
18543,47,14158057,97
18544,47,14161006,108
18545,47,14161603,49
18546,47,14161771,64
18547,47,14163720,98
18548,47,14164035,133
18549,47,14166564,97
18550,47,14167123,188
18551,47,14167403,131
18552,47,14168826,175
18553,47,14169524,49
18554,47,14169950,133
18555,47,14171041,134
18556,47,14172114,107
18557,47,14175748,132
18558,47,14191837,107
18559,47,14192863,108
18560,47,14194079,96
18561,47,14196365,106
18562,47,14196370,188
18563,47,14197203,249
18564,47,14198543,272
18565,47,14199885,106
18566,47,14201395,97
18567,47,14201709,270
18568,47,14202786,65
18569,47,14204531,175
18570,47,14205688,11
18571,47,14208652,223
18572,47,14212280,285
18573,47,14212864,84
18574,47,14213450,249
18575,47,14214619,133
18576,47,14217506,132
18577,47,14218885,127
18578,47,14224958,108
18579,47,14226494,96
18580,47,14227179,70
18581,47,14227364,188
18582,47,14227634,59
18583,47,14228054,285
18584,47,14229429,106
18585,47,14229859,134
18586,47,14231422,59
18587,47,14232069,68
18588,47,14232189,126
18589,47,14233187,132
18590,47,14233480,147
18591,47,14233895,106
18592,47,14234119,127
18593,47,14234582,126
18594,47,14235529,285
18595,47,14236302,26
18596,47,14236470,58
18597,47,14236764,134
18598,47,14236832,137
18599,47,14237129,127
18600,47,14237207,54
18601,47,14237277,107
18602,47,14238654,107
18603,47,14239303,107
18604,47,14240509,86
18605,47,14240899,134
18606,47,14242050,137
18607,47,14242396,191
18608,47,14242460,132
18609,47,14243267,134
18610,47,14243979,191
18611,47,14244472,108
18612,47,14248423,59
18613,47,14249912,141
18614,47,14250616,131
18615,47,14252739,141
18616,47,14252960,86
18617,47,14253458,97
18618,47,14253896,134
18619,47,14254012,18
18620,47,14254175,107
18621,47,14254461,17
18622,47,14256249,96
18623,47,14262667,105
18624,47,14263870,137
18625,47,14266830,97
18626,47,14275999,19
18627,47,14277511,108
18628,47,14278102,108
18629,47,14281086,108
18630,47,14281732,131
18631,47,14282184,285
18632,47,14282667,14
18633,47,14283371,105
18634,47,14284087,285
18635,47,14285052,127
18636,47,14285155,249
18637,47,14285160,107
18638,47,14287099,108
18639,47,14287150,84
18640,47,14287304,249
18641,47,14288803,64
18642,47,14288842,131
18643,47,14289139,70
18644,47,14289589,127
18645,47,14290054,21
18646,47,14291121,58
18647,47,14291727,131
18648,47,14294482,108
18649,47,14296256,131
18650,47,14298933,11
18651,47,14299413,249
18652,47,14299819,66
18653,47,14303396,280
18654,47,14303481,103
18655,47,14304943,282
18656,47,14305563,127
18657,47,14307370,106
18658,47,14307378,191
18659,47,14308823,127
18660,47,14309442,108
18661,47,14311570,132
18662,47,14313081,249
18663,47,14315013,188
18664,47,14316541,107
18665,47,14318069,107
18666,47,14318165,285
18667,47,14319754,132
18668,47,14321703,105
18669,47,14321976,19
18670,47,14322116,131
18671,47,14322938,191
18672,47,14322961,87
18673,47,14323042,107
18674,47,14323126,68
18675,47,14325837,15
18676,47,14326841,107
18677,47,14329357,64
18678,47,14330373,49
18679,47,14331113,105
18680,47,14331200,191
18681,47,14331547,64
18682,47,14332131,127
18683,47,14333314,132
18684,47,14333855,131
18685,47,14334581,134
18686,47,14334971,19
18687,47,14335115,70
18688,47,14337139,49
18689,47,14337224,64
18690,47,14337578,197
18691,47,14338329,141
18692,47,14338711,141
18693,47,14338746,97
18694,47,14338770,132
18695,47,14339389,87
18696,47,14342575,142
18697,47,14343126,191
18698,47,14343129,97
18699,47,14345027,279
18700,47,14346859,96
18701,47,14348604,137
18702,47,14362768,70
18703,47,14362829,97
18704,47,14363025,87
18705,47,14365526,131
18706,47,14366197,285
18707,47,14368443,54
18708,47,14368459,107
18709,47,14368579,84
18710,47,14368735,103
18711,47,14369718,16
18712,47,14370564,133
18713,47,14370589,107
18714,47,14370695,49
18715,47,14370744,107
18716,47,14371571,84
18717,47,14371793,281
18718,47,14373288,107
18719,47,14373818,106
18720,47,14374716,103
18721,47,14374896,69
18722,47,14376208,105
18723,47,14376607,108
18724,47,14377048,281
18725,47,14378751,274
18726,47,14379444,107
18727,47,14382982,131
18728,47,14387332,270
18729,47,14388229,127
18730,47,14389088,70
18731,47,14390446,65
18732,47,14391658,132
18733,47,14392525,107
18734,47,14396911,87
18735,47,14398042,107
18736,47,14401082,107
18737,47,14401402,107
18738,47,14401427,249
18739,47,14401617,70
18740,47,14402008,133
18741,47,14402025,105
18742,47,14402448,97
18743,47,14403056,137
18744,47,14403192,105
18745,47,14403233,19
18746,47,14403567,133
18747,47,14404475,106
18748,47,14405020,137
18749,47,14405912,137
18750,47,14407474,132
18751,47,14407896,88
18752,47,14408134,55
18753,47,14408343,132
18754,47,14408559,127
18755,47,14409541,127
18756,47,14410095,141
18757,47,14411123,87
18758,47,14412125,147
18759,47,14412756,65
18760,47,14413619,97
18761,47,14414087,87
18762,47,14414339,107
18763,47,14414413,105
18764,47,14414665,86
18765,47,14417442,106
18766,47,14419084,149
18767,47,14419103,137
18768,47,14419736,87
18769,47,14422659,70
18770,47,14423020,103
18771,47,14423298,107
18772,47,14425098,59
18773,47,14425599,97
18774,47,14425634,59
18775,47,14426015,61
18776,47,14426132,97
18777,47,14426251,98
18778,47,14427591,96
18779,47,14427717,107
18780,47,14427848,69
18781,47,14428172,68
18782,47,14428296,132
18783,47,14428967,132
18784,47,14429041,191
18785,47,14429722,103
18786,47,14432308,188
18787,47,14433053,59
18788,47,14435348,137
18789,47,14436059,127
18790,47,14440023,131
18791,47,14443560,134
18792,47,14445537,70
18793,47,14450421,175
18794,47,14451432,68
18795,47,14452134,105
18796,47,14452479,127
18797,47,14453150,88
18798,47,14455628,249
18799,47,14457159,137
18800,47,14459131,19
18801,47,14461144,188
18802,47,14461212,64
18803,47,14461222,270
18804,47,14462994,87
18805,47,14463107,84
18806,47,14463252,132
18807,47,14468281,106
18808,47,14470330,127
18809,47,14471849,58
18810,47,14473643,127
18811,47,14474652,270
18812,47,14478188,108
18813,47,14478511,279
18814,47,14482202,147
18815,47,14484729,49
18816,47,14484900,134
18817,47,14486295,249
18818,47,14488528,97
18819,47,14489787,87
18820,47,14490103,108
18821,47,14490931,108
18822,47,14491445,108
18823,47,14492164,134
18824,47,14492274,87
18825,47,14495050,249
18826,47,14495095,69
18827,47,14495543,191
18828,47,14495562,108
18829,47,14495585,131
18830,47,14496580,87
18831,47,14496691,132
18832,47,14497007,249
18833,47,14497162,134
18834,47,14497212,59
18835,47,14498445,249
18836,47,14498507,147
18837,47,14498534,49
18838,47,14498888,66
18839,47,14499027,108
18840,47,14500106,127
18841,47,14500455,84
18842,47,14500722,191
18843,47,14501644,70
18844,47,14502300,103
18845,47,14504606,66
18846,47,14504649,133
18847,47,14504809,106
18848,47,14506833,134
18849,47,14507597,63
18850,47,14507683,97
18851,47,14509671,69
18852,47,14511301,62
18853,47,14511541,55
18854,47,14512592,64
18855,47,14512816,141
18856,47,14512908,144
18857,47,14513042,279
18858,47,14515370,127
18859,47,14516498,131
18860,47,14517315,80
18861,47,14517800,97
18862,47,14518462,134
18863,47,14518603,249
18864,47,14519021,49
18865,47,14519390,86
18866,47,14520035,97
18867,47,14520361,64
18868,47,14521036,98
18869,47,14521303,97
18870,47,14521488,69
18871,47,14522448,132
18872,47,14523275,86
18873,47,14523995,107
18874,47,14524073,141
18875,47,14524524,96
18876,47,14529873,87
18877,47,14536466,88
18878,47,14541326,84
18879,47,14543810,84
18880,47,14543834,108
18881,47,14543914,16
18882,47,14545618,127
18883,47,14545955,249
18884,47,14546103,63
18885,47,14547206,70
18886,47,14549210,105
18887,47,14549574,107
18888,47,14549590,87
18889,47,14549922,66
18890,47,14550265,108
18891,47,14550417,59
18892,47,14550723,108
18893,47,14552803,105
18894,47,14553641,23
18895,47,14554126,103
18896,47,14554691,65
18897,47,14555042,103
18898,47,14558066,103
18899,47,14560144,131
18900,47,14562417,84
18901,47,14562914,285
18902,47,14563269,98
18903,47,14564853,249
18904,47,14565295,59
18905,47,14567506,59
18906,47,14567695,249
18907,47,14568339,62
18908,47,14568681,88
18909,47,14569259,69
18910,47,14569335,69
18911,47,14569884,249
18912,47,14569888,136
18913,47,14571597,249
18914,47,14571804,107
18915,47,14572016,127
18916,47,14572933,107
18917,47,14573044,148
18918,47,14573218,86
18919,47,14573425,69
18920,47,14573441,108
18921,47,14573751,175
18922,47,14575322,67
18923,47,14576965,133
18924,47,14577178,138
18925,47,14577986,249
18926,47,14579191,107
18927,47,14580733,127
18928,47,14580874,134
18929,47,14581384,65
18930,47,14582459,108
18931,47,14583231,137
18932,47,14583726,84
18933,47,14584087,107
18934,47,14584477,59
18935,47,14585167,141
18936,47,14586402,62
18937,47,14587289,147
18938,47,14587463,191
18939,47,14587615,141
18940,47,14587904,107
18941,47,14588318,63
18942,47,14588442,106
18943,47,14589504,63
18944,47,14589801,107
18945,47,14590016,49
18946,47,14590349,59
18947,47,14590916,17
18948,47,14592202,58
18949,47,14592408,282
18950,47,14593889,127
18951,47,14594044,134
18952,47,14594263,69
18953,47,14595295,106
18954,47,14595373,106
18955,47,14595622,137
18956,47,14596044,64
18957,47,14596222,86
18958,47,14596308,132
18959,47,14597118,54
18960,47,14597209,59
18961,47,14597257,270
18962,47,14597312,131
18963,47,14600329,137
18964,47,14600445,64
18965,47,14600727,133
18966,47,14600899,87
18967,47,14601499,55
18968,47,14602489,108
18969,47,14602605,97
18970,47,14602804,270
18971,47,14603564,61
18972,47,14604491,97
18973,47,14604674,132
18974,47,14604754,62
18975,47,14605187,49
18976,47,14605504,132
18977,47,14605507,137
18978,47,14606198,49
18979,47,14606505,107
18980,47,14607281,223
18981,47,14607918,49
18982,47,14608068,97
18983,47,14608951,55
18984,47,14610169,131
18985,47,14610328,87
18986,47,14610411,97
18987,47,14610562,69
18988,47,14610572,131
18989,47,14610935,279
18990,47,14613686,105
18991,47,14613822,107
18992,47,14614579,107
18993,47,14614730,97
18994,47,14618905,107
18995,47,14622184,55
18996,47,14622891,197
18997,47,14623277,107
18998,47,14628500,107
18999,47,14628785,64
19000,47,14629749,279
19001,47,14630132,141
19002,47,14630703,134
19003,47,14632707,106
19004,47,14632987,104
19005,47,14635291,103
19006,47,14635577,274
19007,47,14636256,49
19008,47,14636539,107
19009,47,14636560,108
19010,47,14636986,14
19011,47,14637140,108
19012,47,14638898,108
19013,47,14639244,107
19014,47,14639836,107
19015,47,14639991,68
19016,47,14640101,106
19017,47,14640263,131
19018,47,14641913,59
19019,47,14642603,249
19020,47,14642919,64
19021,47,14643093,65
19022,47,14643962,134
19023,47,14644114,133
19024,47,14645578,131
19025,47,14645927,107
19026,47,14646736,96
19027,47,14647919,285
19028,47,14651143,84
19029,47,14653259,87
19030,47,14655314,103
19031,47,14656474,66
19032,47,14658994,107
19033,47,14659312,65
19034,47,14660116,63
19035,47,14660324,68
19036,47,14660465,133
19037,47,14660524,105
19038,47,14661791,66
19039,47,14661814,132
19040,47,14661961,141
19041,47,14662176,131
19042,47,14663104,108
19043,47,14663135,131
19044,47,14663577,97
19045,47,14664127,97
19046,47,14664985,62
19047,47,14666077,106
19048,47,14666730,107
19049,47,14667182,49
19050,47,14667327,84
19051,47,14667340,30
19052,47,14667934,132
19053,47,14668100,96
19054,47,14668306,49
19055,47,14668484,105
19056,47,14668605,127
19057,47,14669377,108
19058,47,14669692,133
19059,47,14669694,191
19060,47,14669824,279
19061,47,14669993,131
19062,47,14670410,281
19063,47,14671182,175
19064,47,14671647,68
19065,47,14671712,70
19066,47,14671806,249
19067,47,14672224,132
19068,47,14672638,70
19069,47,14672964,103
19070,47,14673137,188
19071,47,14673189,56
19072,47,14673958,96
19073,47,14674279,285
19074,47,14675604,188
19075,47,14677467,107
19076,47,14677615,108
19077,47,14678278,279
19078,47,14679836,137
19079,47,14679926,132
19080,47,14679983,105
19081,47,14680914,98
19082,47,14681411,132
19083,47,14682232,132
19084,47,14682637,126
19085,47,14683172,137
19086,47,14683711,62
19087,47,14683843,134
19088,47,14684371,68
19089,47,14684886,274
19090,47,14685328,132
19091,47,14686695,96
19092,47,14687227,107
19093,47,14687966,63
19094,47,14688068,66
19095,47,14690320,279
19096,47,14690360,64
19097,47,14690497,49
19098,47,14693156,197
19099,47,14693413,127
19100,47,14693831,141
19101,47,14694038,134
19102,47,14694158,62
19103,47,14694283,132
19104,47,14696637,98
19105,47,14698252,97
19106,47,14702270,96
19107,47,14714873,127
19108,47,14715389,132
19109,47,14718165,17
19110,47,14722743,87
19111,47,14725424,191
19112,47,14726411,96
19113,47,14727243,70
19114,47,14727905,86
19115,47,14728242,106
19116,47,14730805,86
19117,47,14731688,285
19118,47,14733468,106
19119,47,14734004,137
19120,47,14738217,107
19121,47,14738582,107
19122,47,14739371,127
19123,47,14740361,281
19124,47,14740539,103
19125,47,14740717,197
19126,47,14741801,30
19127,47,14742496,87
19128,47,14744732,197
19129,47,14744739,105
19130,47,14745047,107
19131,47,14746416,87
19132,47,14746918,108
19133,47,14747065,63
19134,47,14748189,58
19135,47,14748865,63
19136,47,14750172,19
19137,47,14750878,197
19138,47,14752152,127
19139,47,14753281,6
19140,47,14753817,59
19141,47,14754224,103
19142,47,14754545,108
19143,47,14755069,108
19144,47,14755268,108
19145,47,14755783,104
19146,47,14756653,68
19147,47,14756879,69
19148,47,14757820,137
19149,47,14758898,65
19150,47,14760351,191
19151,47,14760374,126
19152,47,14761400,97
19153,47,14763630,58
19154,47,14764527,86
19155,47,14767059,69
19156,47,14767149,127
19157,47,14767530,59
19158,47,14770795,105
19159,47,14771270,134
19160,47,14772231,127
19161,47,14772440,106
19162,47,14773147,127
19163,47,14774175,97
19164,47,14774905,283
19165,47,14777032,96
19166,47,14777650,137
19167,47,14778083,107
19168,47,14778247,59
19169,47,14779379,107
19170,47,14791314,68
19171,47,14795812,107
19172,47,14796502,106
19173,47,14800051,249
19174,47,14800567,142
19175,47,14802644,107
19176,47,14805489,279
19177,47,14806795,108
19178,47,14807419,107
19179,47,14808873,142
19180,47,14811408,30
19181,47,14812012,108
19182,47,14812825,249
19183,47,14814843,97
19184,47,14816885,59
19185,47,14817415,147
19186,47,14817448,107
19187,47,14817824,87
19188,47,14817950,188
19189,47,14818824,64
19190,47,14819535,132
19191,47,14819642,108
19192,47,14821210,64
19193,47,14821351,70
19194,47,14822492,86
19195,47,14823860,191
19196,47,14824185,132
19197,47,14824559,285
19198,47,14827566,105
19199,47,14827927,63
19200,47,14828575,70
19201,47,14828930,64
19202,47,14830648,108
19203,47,14830949,49
19204,47,14831184,131
19205,47,14831758,127
19206,47,14831915,87
19207,47,14832290,104
19208,47,14832391,249
19209,47,14832552,132
19210,47,14833037,127
19211,47,14833878,132
19212,47,14835452,279
19213,47,14835637,191
19214,47,14836983,127
19215,47,14838235,69
19216,47,14838528,188
19217,47,14839707,69
19218,47,14840821,249
19219,47,14840844,126
19220,47,14840896,108
19221,47,14841766,107
19222,47,14842894,68
19223,47,14843297,137
19224,47,14844261,69
19225,47,14845272,127
19226,47,14850521,70
19227,47,14851071,108
19228,47,14851586,19
19229,47,14851701,97
19230,47,14851929,107
19231,47,14853073,97
19232,47,14853603,107
19233,47,14856369,97
19234,47,14858229,285
19235,47,14859137,107
19236,47,14860721,140
19237,47,14861492,49
19238,47,14862441,97
19239,47,14866873,97
19240,47,14868253,32
19241,47,14878835,107
19242,47,14884702,274
19243,47,14885815,279
19244,47,14886778,137
19245,47,14889014,13
19246,47,14889283,23
19247,47,14889896,105
19248,47,14892961,285
19249,47,14893297,188
19250,47,14893417,65
19251,47,14894594,65
19252,47,14895197,64
19253,47,14895308,132
19254,47,14897576,282
19255,47,14899780,131
19256,47,14900232,270
19257,47,14902960,105
19258,47,14904139,97
19259,47,14904394,105
19260,47,14904684,132
19261,47,14907922,17
19262,47,14908693,108
19263,47,14909595,249
19264,47,14912222,137
19265,47,14915507,147
19266,47,14917473,19
19267,47,14917511,131
19268,47,14922273,131
19269,47,14924269,127
19270,47,14925710,106
19271,47,14925727,285
19272,47,14927854,106
19273,47,14927872,131
19274,47,14927984,86
19275,47,14927992,108
19276,47,14929094,132
19277,47,14929182,249
19278,47,14929419,44
19279,47,14930027,274
19280,47,14930912,191
19281,47,14932707,191
19282,47,14933248,59
19283,47,14933457,14
19284,47,14933506,188
19285,47,14933937,191
19286,47,14934086,87
19287,47,14937554,197
19288,47,14938168,131
19289,47,14938548,279
19290,47,14940833,126
19291,47,14940842,49
19292,47,14942033,107
19293,47,14942574,64
19294,47,14943137,108
19295,47,14944361,65
19296,47,14944677,134
19297,47,14944972,106
19298,47,14945306,59
19299,47,14946881,279
19300,47,14947224,97
19301,47,14948357,68
19302,47,14949658,63
19303,47,14950987,97
19304,47,14953124,49
19305,47,14962417,188
19306,47,14970747,107
19307,47,14972238,108
19308,47,14972938,59
19309,47,14976388,18
19310,47,14976743,137
19311,47,14977616,131
19312,47,14984092,63
19313,47,14984677,106
19314,47,14984680,107
19315,47,14985370,69
19316,47,14986953,70
19317,47,14988714,191
19318,47,14991356,58
19319,47,14995752,133
19320,47,14997260,44
19321,47,14998460,103
19322,47,14999651,108
19323,47,14999897,107
19324,47,15000295,108
19325,47,15001149,55
19326,47,15001326,70
19327,47,15002187,137
19328,47,15002760,249
19329,47,15002803,105
19330,47,15005004,86
19331,47,15005785,132
19332,47,15006798,107
19333,47,15007052,69
19334,47,15008066,127
19335,47,15008211,191
19336,47,15008741,284
19337,47,15009355,131
19338,47,15010516,175
19339,47,15010537,49
19340,47,15010931,175
19341,47,15012466,131
19342,47,15012763,127
19343,47,15012887,58
19344,47,15013149,108
19345,47,15013379,134
19346,47,15013809,107
19347,47,15013967,108
19348,47,15014152,64
19349,47,15014878,55
19350,47,15015699,131
19351,47,15016618,249
19352,47,15016909,65
19353,47,15016915,249
19354,47,15017311,103
19355,47,15017869,133
19356,47,15018305,271
19357,47,15019020,127
19358,47,15019376,197
19359,47,15019844,66
19360,47,15020028,96
19361,47,15022490,131
19362,47,15022830,96
19363,47,15023027,137
19364,47,15023099,108
19365,47,15023099,249
19366,47,15023420,132
19367,47,15023850,108
19368,47,15023998,58
19369,47,15024997,132
19370,47,15025201,138
19371,47,15025850,107
19372,47,15026881,107
19373,47,15026893,144
19374,47,15027174,66
19375,47,15027653,279
19376,47,15029395,108
19377,47,15029913,127
19378,47,15030016,97
19379,47,15031671,134
19380,47,15034528,108
19381,47,15035331,141
19382,47,15035557,133
19383,47,15035844,132
19384,47,15036680,132
19385,47,15040309,270
19386,47,15044330,88
19387,47,15045896,97
19388,47,15047725,107
19389,47,15055143,132
19390,47,15055559,64
19391,47,15055895,87
19392,47,15058411,64
19393,47,15066999,64
19394,47,15067945,274
19395,47,15068285,138
19396,47,15069959,98
19397,47,15071248,86
19398,47,15071466,249
19399,47,15072120,274
19400,47,15072456,141
19401,47,15073432,97
19402,47,15074784,87
19403,47,15076022,175
19404,47,15079397,191
19405,47,15079725,131
19406,47,15082175,103
19407,47,15082304,137
19408,47,15082319,270
19409,47,15082347,285
19410,47,15082496,270
19411,47,15082779,103
19412,47,15082948,133
19413,47,15083245,188
19414,47,15086972,93
19415,47,15087085,108
19416,47,15087842,249
19417,47,15087930,68
19418,47,15088011,127
19419,47,15088381,137
19420,47,15089286,107
19421,47,15089625,97
19422,47,15089883,107
19423,47,15092578,249
19424,47,15093585,127
19425,47,15093918,127
19426,47,15096272,84
19427,47,15096463,108
19428,47,15096988,96
19429,47,15097313,127
19430,47,15097391,137
19431,47,15098470,87
19432,47,15098762,103
19433,47,15099161,281
19434,47,15100439,87
19435,47,15102808,175
19436,47,15103751,126
19437,47,15104839,131
19438,47,15105222,132
19439,47,15105863,70
19440,47,15105977,86
19441,47,15107294,59
19442,47,15108881,49
19443,47,15109172,133
19444,47,15109461,131
19445,47,15110619,68
19446,47,15110630,127
19447,47,15111495,132
19448,47,15111989,105
19449,47,15112159,96
19450,47,15112251,106
19451,47,15114059,49
19452,47,15114633,69
19453,47,15114674,97
19454,47,15115801,68
19455,47,15117713,132
19456,47,15118099,87
19457,47,15118129,131
19458,47,15118547,108
19459,47,15120650,86
19460,47,15123189,137
19461,47,15123870,86
19462,47,15124859,132
19463,47,15124940,103
19464,47,15125529,19
19465,47,15126204,132
19466,47,15126400,86
19467,47,15126628,131
19468,47,15141086,108
19469,47,15144329,59
19470,47,15145813,97
19471,47,15146553,285
19472,47,15147094,108
19473,47,15147968,107
19474,47,15148361,127
19475,47,15148713,131
19476,47,15149114,59
19477,47,15149269,274
19478,47,15149433,107
19479,47,15149457,133
19480,47,15150178,279
19481,47,15152070,108
19482,47,15153596,65
19483,47,15153852,106
19484,47,15154187,133
19485,47,15155822,84
19486,47,15157883,126
19487,47,15159384,107
19488,47,15160354,188
19489,47,15160597,282
19490,47,15160854,108
19491,47,15161356,55
19492,47,15163160,87
19493,47,15163703,63
19494,47,15164332,66
19495,47,15164759,10
19496,47,15164854,64
19497,47,15165764,279
19498,47,15167041,132
19499,47,15167427,279
19500,47,15169277,132
19501,47,15169869,14
19502,47,15171278,134
19503,47,15171726,274
19504,47,15172285,127
19505,47,15172307,107
19506,47,15172856,249
19507,47,15173002,131
19508,47,15173584,103
19509,47,15174188,107
19510,47,15174290,65
19511,47,15174693,127
19512,47,15175418,132
19513,47,15175750,97
19514,47,15175777,58
19515,47,15175936,86
19516,47,15177214,147
19517,47,15177890,132
19518,47,15179936,272
19519,47,15180310,131
19520,47,15180754,89
19521,47,15181661,108
19522,47,15182519,108
19523,47,15182732,132
19524,47,15182992,279
19525,47,15183766,17
19526,47,15184640,105
19527,47,15185040,88
19528,47,15186207,88
19529,47,15186310,87
19530,47,15186692,132
19531,47,15186761,19
19532,47,15186804,127
19533,47,15187112,132
19534,47,15187212,70
19535,47,15187670,108
19536,47,15188235,131
19537,47,15188644,70
19538,47,15188824,188
19539,47,15188909,64
19540,47,15189168,86
19541,47,15189575,131
19542,47,15189730,188
19543,47,15189846,283
19544,47,15190487,97
19545,47,15190890,68
19546,47,15191247,131
19547,47,15191751,86
19548,47,15191778,99
19549,47,15193206,69
19550,47,15193527,63
19551,47,15194524,98
19552,47,15195816,131
19553,47,15197838,68
19554,47,15198189,106
19555,47,15198698,105
19556,47,15199313,108
19557,47,15200100,97
19558,47,15200417,64
19559,47,15200587,131
19560,47,15200917,86
19561,47,15202677,97
19562,47,15203249,134
19563,47,15206272,98
19564,47,15206409,70
19565,47,15206916,108
19566,47,15207433,70
19567,47,15208311,49
19568,47,15208863,285
19569,47,15209388,59
19570,47,15209749,141
19571,47,15210093,133
19572,47,15210912,285
19573,47,15210947,283
19574,47,15211074,97
19575,47,15211237,84
19576,47,15211391,62
19577,47,15212055,41
19578,47,15214155,87
19579,47,15214190,133
19580,47,15214349,97
19581,47,15215558,97
19582,47,15218001,97
19583,47,15218201,97
19584,47,15218319,97
19585,47,15218375,63
19586,47,15219853,131
19587,47,15223952,48
19588,47,15226443,97
19589,47,15229652,84
19590,47,15231454,137
19591,47,15233796,107
19592,47,15237095,99
19593,47,15237818,26
19594,47,15238665,137
19595,47,15240499,59
19596,47,15241430,105
19597,47,15242571,127
19598,47,15242627,63
19599,47,15243018,104
19600,47,15243496,108
19601,47,15246140,126
19602,47,15246815,59
19603,47,15247104,138
19604,47,15249557,133
19605,47,15250856,106
19606,47,15254552,133
19607,47,15257629,107
19608,47,15258404,108
19609,47,15259121,132
19610,47,15259993,131
19611,47,15260345,131
19612,47,15260424,132
19613,47,15261698,107
19614,47,15262331,108
19615,47,15262995,133
19616,47,15263908,98
19617,47,15263983,107
19618,47,15264737,87
19619,47,15265400,97
19620,47,15266054,49
19621,47,15266445,87
19622,47,15267043,107
19623,47,15267348,108
19624,47,15268258,86
19625,47,15268819,274
19626,47,15270654,87
19627,47,15270891,107
19628,47,15271055,197
19629,47,15271729,126
19630,47,15272957,134
19631,47,15272970,285
19632,47,15273811,84
19633,47,15273974,108
19634,47,15274077,127
19635,47,15274213,175
19636,47,15274604,284
19637,47,15275186,13
19638,47,15276290,68
19639,47,15276436,140
19640,47,15277020,108
19641,47,15277239,86
19642,47,15277903,103
19643,47,15279103,274
19644,47,15279533,108
19645,47,15280157,140
19646,47,15280496,97
19647,47,15280947,249
19648,47,15281079,66
19649,47,15282576,137
19650,47,15284039,108
19651,47,15284950,63
19652,47,15286438,131
19653,47,15286953,142
19654,47,15287044,132
19655,47,15288275,133
19656,47,15288629,103
19657,47,15289671,279
19658,47,15290653,108
19659,47,15290744,87
19660,47,15291581,141
19661,47,15291655,55
19662,47,15292051,136
19663,47,15292920,132
19664,47,15293210,87
19665,47,15293857,65
19666,47,15294852,285
19667,47,15295148,64
19668,47,15295323,132
19669,47,15295599,279
19670,47,15296913,97
19671,47,15297031,108
19672,47,15297883,271
19673,47,15299521,49
19674,47,15301018,63
19675,47,15301973,132
19676,47,15305713,131
19677,47,15306090,62
19678,47,15306216,133
19679,47,15306269,98
19680,47,15311165,283
19681,47,15314022,134
19682,47,15315765,132
19683,47,15319485,106
19684,47,15323738,54
19685,47,15329245,49
19686,47,15330226,281
19687,47,15332240,131
19688,47,15334867,87
19689,47,15335057,21
19690,47,15336986,270
19691,47,15340590,70
19692,47,15341268,58
19693,47,15342096,49
19694,47,15342114,138
19695,47,15343145,107
19696,47,15345790,127
19697,47,15345905,108
19698,47,15347433,97
19699,47,15347525,133
19700,47,15348164,191
19701,47,15348613,107
19702,47,15348928,191
19703,47,15349213,70
19704,47,15349373,63
19705,47,15350104,59
19706,47,15350284,285
19707,47,15350821,105
19708,47,15352258,191
19709,47,15352291,107
19710,47,15352786,132
19711,47,15354479,132
19712,47,15354550,107
19713,47,15354845,134
19714,47,15355862,63
19715,47,15357296,279
19716,47,15358232,141
19717,47,15358851,107
19718,47,15359660,70
19719,47,15361240,70
19720,47,15361455,132
19721,47,15362055,270
19722,47,15362120,224
19723,47,15363049,132
19724,47,15363271,87
19725,47,15363510,107
19726,47,15364733,58
19727,47,15365692,69
19728,47,15367077,69
19729,47,15367240,62
19730,47,15369255,106
19731,47,15370427,249
19732,47,15371066,70
19733,47,15371757,87
19734,47,15373084,107
19735,47,15374111,132
19736,47,15374204,69
19737,47,15375245,197
19738,47,15377006,63
19739,47,15380878,188
19740,47,15381685,67
19741,47,15382651,21
19742,47,15386251,70
19743,47,15390686,96
19744,47,15390930,132
19745,47,15394139,133
19746,47,15396605,104
19747,47,15398933,108
19748,47,15399301,131
19749,47,15402665,86
19750,47,15406016,70
19751,47,15406944,131
19752,47,15408004,65
19753,47,15408018,66
19754,47,15408855,132
19755,47,15409065,60
19756,47,15410726,65
19757,47,15412174,88
19758,47,15413204,106
19759,47,15413290,87
19760,47,15414423,66
19761,47,15416122,108
19762,47,15416135,107
19763,47,15416571,175
19764,47,15416714,64
19765,47,15417140,279
19766,47,15417425,132
19767,47,15419696,59
19768,47,15420284,133
19769,47,15421848,142
19770,47,15423024,198
19771,47,15426601,133
19772,47,15426669,103
19773,47,15430201,59
19774,47,15430313,60
19775,47,15430869,106
19776,47,15431146,108
19777,47,15431671,97
19778,47,15431728,108
19779,47,15433636,106
19780,47,15433844,197
19781,47,15434671,127
19782,47,15436643,59
19783,47,15437600,62
19784,47,15438264,64
19785,47,15440131,249
19786,47,15442159,58
19787,47,15442380,49
19788,47,15443349,108
19789,47,15443876,49
19790,47,15444121,106
19791,47,15444485,133
19792,47,15444782,134
19793,47,15446017,97
19794,47,15447306,107
19795,47,15448885,18
19796,47,15448966,97
19797,47,15449187,188
19798,47,15449612,21
19799,47,15449648,8
19800,47,15450134,131
19801,47,15450730,84
19802,47,15452169,89
19803,47,15455575,140
19804,47,15455924,87
19805,47,15455932,127
19806,47,15458192,98
19807,47,15458343,59
19808,47,15459653,107
19809,47,15459837,279
19810,47,15460040,59
19811,47,15462365,141
19812,47,15462763,188
19813,47,15462846,108
19814,47,15464311,64
19815,47,15467095,86
19816,47,15468114,86
19817,47,15470004,137
19818,47,15470334,270
19819,47,15489931,66
19820,47,15490015,107
19821,47,15493196,249
19822,47,15493864,108
19823,47,15502086,249
19824,47,15503351,186
19825,47,15505685,131
19826,47,15506740,106
19827,47,15510024,108
19828,47,15511054,131
19829,47,15515117,285
19830,47,15517969,64
19831,47,15520941,270
19832,47,15521301,108
19833,47,15522212,249
19834,47,15522420,283
19835,47,15523071,133
19836,47,15523170,97
19837,47,15523275,108
19838,47,15525544,127
19839,47,15525881,198
19840,47,15526400,66
19841,47,15526629,64
19842,47,15526654,107
19843,47,15528648,127
19844,47,15528859,64
19845,47,15529294,132
19846,47,15529355,191
19847,47,15529376,84
19848,47,15532081,107
19849,47,15532603,126
19850,47,15532794,106
19851,47,15533072,191
19852,47,15533745,103
19853,47,15533797,97
19854,47,15533977,249
19855,47,15534191,87
19856,47,15534406,108
19857,47,15535347,87
19858,47,15536009,93
19859,47,15536218,127
19860,47,15536538,274
19861,47,15537379,107
19862,47,15538355,70
19863,47,15540435,188
19864,47,15541042,249
19865,47,15541542,141
19866,47,15543299,131
19867,47,15544499,97
19868,47,15545750,107
19869,47,15548771,62
19870,47,15548805,97
19871,47,15549954,127
19872,47,15551345,132
19873,47,15552865,49
19874,47,15554836,86
19875,47,15557679,103
19876,47,15559146,108
19877,47,15566666,131
19878,47,15578266,131
19879,47,15580135,69
19880,47,15583996,107
19881,47,15584409,127
19882,47,15585969,31
19883,47,15589033,17
19884,47,15591514,26
19885,47,15593105,105
19886,47,15594388,279
19887,47,15596173,59
19888,47,15597641,66
19889,47,15597744,141
19890,47,15598081,107
19891,47,15599710,49
19892,47,15600177,59
19893,47,15604348,191
19894,47,15605269,64
19895,47,15605963,108
19896,47,15606939,132
19897,47,15608523,134
19898,47,15608639,108
19899,47,15612046,134
19900,47,15613956,107
19901,47,15614072,107
19902,47,15614708,127
19903,47,15615984,127
19904,47,15616258,131
19905,47,15616651,285
19906,47,15616985,106
19907,47,15617382,65
19908,47,15617690,132
19909,47,15617874,131
19910,47,15618317,106
19911,47,15618424,138
19912,47,15619276,131
19913,47,15620810,147
19914,47,15620935,285
19915,47,15621361,134
19916,47,15621854,30
19917,47,15622862,283
19918,47,15622883,108
19919,47,15623259,132
19920,47,15624375,141
19921,47,15625022,68
19922,47,15625965,86
19923,47,15626282,272
19924,47,15627050,60
19925,47,15628635,95
19926,47,15632646,131
19927,47,15635310,191
19928,47,15636277,175
19929,47,15636686,97
19930,47,15637874,98
19931,47,15638248,87
19932,47,15638436,97
19933,47,15639159,98
19934,47,15641098,108
19935,47,15642899,97
19936,47,15651656,107
19937,47,15655594,197
19938,47,15660687,69
19939,47,15663278,96
19940,47,15668044,20
19941,47,15668632,268
19942,47,15668822,59
19943,47,15669793,43
19944,47,15670358,131
19945,47,15671898,97
19946,47,15675742,186
19947,47,15679311,186
19948,47,15680905,108
19949,47,15682678,106
19950,47,15683260,132
19951,47,15684065,131
19952,47,15684149,138
19953,47,15684685,59
19954,47,15685726,132
19955,47,15686304,103
19956,47,15687082,20
19957,47,15689738,188
19958,47,15690377,61
19959,47,15690889,103
19960,47,15691720,127
19961,47,15691776,64
19962,47,15692408,49
19963,47,15692594,285
19964,47,15693061,107
19965,47,15693243,191
19966,47,15693757,105
19967,47,15696842,96
19968,47,15696904,249
19969,47,15697988,87
19970,47,15698098,131
19971,47,15698826,175
19972,47,15699501,106
19973,47,15699627,107
19974,47,15700763,89
19975,47,15700923,141
19976,47,15701103,107
19977,47,15704227,86
19978,47,15704515,63
19979,47,15705408,107
19980,47,15705415,59
19981,47,15706562,108
19982,47,15707034,59
19983,47,15707501,131
19984,47,15708410,70
19985,47,15709310,87
19986,47,15710047,107
19987,47,15710592,191
19988,47,15711546,105
19989,47,15713783,283
19990,47,15713857,63
19991,47,15715052,96
19992,47,15717257,66
19993,47,15717365,65
19994,47,15717674,140
19995,47,15717761,87
19996,47,15718977,64
19997,47,15720295,191
19998,47,15722936,49
19999,47,15723393,49
